address,cysFLR_snapshot1,cysFLR_snapshot2,cysFLR_average,cysFLR_penalty,cysFLR_bounty,cysFLR_rewards,cyWETH_snapshot1,cyWETH_snapshot2,cyWETH_average,cyWETH_penalty,cyWETH_bounty,cyWETH_rewards
0xc16d2e43904d5359f6c2f2e9b5417f09b84702c1,9550111825898976908,9550111825898976908,9550111825898976908,0,0,9130433935707665950170,9130433935707665950170,9130433935707665950170,0,0,258777933852757744642796
0x29566e4affd4403b09f43b1b38348e52612bf867,19687405160676580952,5600747881518447403786,2810217643339561992369,0,0,4081336178330312119266,4090408685703649793370,4085872432016980956318,0,0,117085053383062647917408
0x04cd292e81375cb7c80ded796603f84c40a4111d,0,0,0,0,0,3534228851030764730352,3534228851030764730352,3534228851030764730352,0,0,100166654428351312348046
0xf3f607e9f1f92601d03ea591f081ec971fd7100b,5701366963196027312626,4001366963196027312626,4851366963196027312626,0,0,2580777609111845758045,3390212114685774294397,2985494861898810026221,0,0,86830751184882385730666
0x140703d517e5285a21e673b6dc57c2e0784768fd,7069009094956846944301,5069009094956846944301,6069009094956846944301,0,0,2591007655206043344774,3163643318364441316341,2877325486785242330557,0,0,84321282807719043112007
0xa0037c030d0bb693d8934caeda1851cf216131f2,12802796101681954881560,12802966613637757174300,12802881357659856027930,0,0,2756003402824895413687,2756003402824895413687,2756003402824895413687,0,0,83959014811837926428907
0x6ce57a097ba3907e7986d57f4eca431b08901c02,0,0,0,0,0,2350417538138904437251,2350417538138904437251,2350417538138904437251,0,0,66615228166798325477469
0xd5a22c790c948cd0062bb3f1f657d566f8407c25,0,0,0,0,0,2079256419278642225196,2079256419278642225196,2079256419278642225196,0,0,58930015003717690845672
0x2b462b16cb267f7545eb45829a2ce1559e56bda4,127802920318910629029006,126613500791202422733881,127208210555056525881443,0,0,0,0,0,0,0,58112373105984292541500
0x7664432b0cc2630139b8598b2cb3a3cd34fdea92,3384889525614110276101,3384889525614110276101,3384889525614110276101,0,0,3683907351071067297536,0,1841953675535533648768,0,0,53750726496125169206403
0xf5228b56c2c4159244b763c4199b57c285051aaa,0,0,0,0,0,0,3610710560791088010058,1805355280395544005029,0,0,51167144549521306508193
0x7d78cf703f0df1292b8c0fca0fc554906377425f,0,0,0,0,0,1163287514392095001310,1163287514392095001310,1163287514392095001310,0,0,32969743433831310912124
0x50d488a8c23e9e1d30adec65dee0e4c55b80365d,0,0,0,0,0,0,0,0,0,1112682391265472696580,31535499615961345432325
0x3c1c84132dfdef572e74672917700c065581871d,11500406495578496395,11500406495578496395,11500406495578496395,0,0,1081845479461519824471,1081845479461519824471,1081845479461519824471,0,0,30666777589114673640782
0x41c593efc397b77ff910cb4e1adf163bf42a5bf2,9289464006738138514192,9289464006738138514192,9289464006738138514192,0,0,899492804253115948736,899492804253115948736,899492804253115948736,0,0,29737002685197872270482
0x71eeb63a0edeb36d8a604c31b8f66bb74faf3921,395462309954956759519,395462309954956759519,395462309954956759519,0,0,868372078103750852891,959140310812363163553,913756194458057008222,0,0,26078217787880080998266
0x1f4fb5ce1c8ec71090ca2fe5072c14d93416454d,127061429717899319369,135485149448938014438,131273289583418666903,0,0,900196841133007591677,903231218346900314963,901714029739953953320,0,0,25616231170740078487996
0xd507b55a3c55d704375a93c24b7092c13c061e04,16155731193510146502,16155731193510146502,16155731193510146502,0,0,725812995308317345487,819911918971342703505,772862457139830024496,0,0,21911747643664779440349
0x1347e2a53f74a8794833d31260f7742684ffb894,703763269934875016630,1432679652999465589174,1068221461467170302902,0,0,400227930944837898089,1022131872547218185456,711179901746028041772,0,0,20644162597443198583665
0x103ca065db4ed55afc29724fa2fdaddc71a0fc0f,42915320259880241366886,46013911074871107174055,44464615667375674270470,0,0,0,0,0,0,0,20312716643069059912504
0x004b67b93a4abfbf4219a80c12e8048e8940119e,0,0,0,0,0,0,1366685289140891471601,683342644570445735800,0,0,19367208355757862123245
0xed6d3fa8faee04893624dd13d3e9726f3898c0b6,8921844828011084704,0,4460922414005542352,0,0,0,1268294347008083799934,634147173504041899967,0,0,17974954591032654267207
0xb82be9e3590c4d76edd29c0ad36f95fce2af9620,0,0,0,0,0,0,1206575448326542871843,603287724163271435921,0,0,17098302213651108339533
0x4876ab76a3af12b375c19e76cb0cbb45ce023fe8,0,0,0,0,0,0,1099800596569574808784,549900298284787404392,0,0,15585202733058706862613
0xa58403fdb6a987304897dda6d2b8744d61d7d45a,0,0,0,0,0,0,1091753809965298310971,545876904982649155485,0,0,15471172243378592731761
0xbd437b04b98f307ecc3be776bcdd95ae27db61de,5897967707797021458,0,2948983853898510729,0,0,0,876136016384865960090,438068008192432980045,0,0,12417013693081397232749
0xdc46c13325cd8edf0230d068896486f007bf4ef1,39790101034265521234,39790101034265521234,39790101034265521234,0,0,415030931282373159097,415030931282373159097,415030931282373159097,0,0,11780929938577931662296
0xec2fb6ae7213de35c04e3529cc3ab28ab5ad69ed,20093404682431323543264,20093404682431323543264,20093404682431323543264,0,0,0,0,0,0,0,9179245779655107386387
0x64243639fdddcde1bce555618a4528b8ea3505c1,231671154354278357093,1737757549734399821916,984714352044339089504,0,0,0,576950344736699507062,288475172368349753531,0,0,8625771683201492623317
0xa7db569237278963bd4943f28691ab5d887686b6,1047396915798697707427,1047396915798697707427,1047396915798697707427,0,0,196986373006032299702,351887584247411098101,274436978626721698901,0,0,8256538221859199064238
0x639aae6253480eed8d68813efb9e3825c1bf402c,16620131446531124650749,16620131446531124650749,16620131446531124650749,0,0,0,0,0,0,0,7592554564497230060748
0x869d4b5bd174ffe7c15775bb71e007c290c42761,15366732091256178060187,15366732091256178060187,15366732091256178060187,0,0,0,0,0,0,0,7019965651669051399528
0x4ca48c1be7c32c13da09725a461afd726ce84ae2,15000946377301980373515,15000946377301980373515,15000946377301980373515,0,0,0,0,0,0,0,6852864205988820280092
0xb14076cd1f3ca3953840522cbe4f3eeb48a2ca68,13963766836128955133302,13963766836128955133302,13963766836128955133302,0,0,0,0,0,0,0,6379050729550882995541
0x8bc7639eb29f2caec085e52ec1fe0d0ee8581cad,0,0,0,0,0,428892382687001669240,0,214446191343500834620,0,0,6077806063836461131145
0xdcd49739eff634dab9394d4d8f7bc7bd1b8bfaab,0,0,0,0,0,0,397784947707796558784,198892473853898279392,0,0,5636984625687983605482
0x42ca8fc659f8b177e13a6172560d4de871f6bd9b,10538570781398772606244,8538570781398772606244,9538570781398772606244,0,0,0,0,0,0,0,4357493763396484092488
0x0e9b063789909565ceda1fba162474405a151e66,0,0,0,0,0,232542569696967289194,61325885000000000001,146934227348483644597,0,0,4164390761005717172708
0xa3bdb0fd287bb109ff8d34c584ae00f1e53e467d,0,0,0,0,0,100501434801014689082,160765973105426788698,130633703953220738890,0,0,3702403447009806841612
0xa11e7ae3ffebfbae7fe2eea4d8c05d89ac7c6ea1,2240748926357697018,2240748926357697018,2240748926357697018,0,0,124484111550529757971,124484111550529757971,124484111550529757971,0,0,3529136137582992051524
0x4b5e1dcd48ef1d48b608aa0cc09f0bcb70caaab3,0,0,0,0,0,112744397249852961875,112744397249852961875,112744397249852961875,0,0,3195387043135333876578
0xb70fe3afc4d9c1e118db5ba8f341f6e51ab9f795,0,0,0,0,0,0,222366868774826255726,111183434387413127863,0,0,3151146436709437239127
0xd2faa1201ef9e480721f1fbd3417adf78c6b7063,5878295735236672709378,5878295735236672709378,5878295735236672709378,0,0,0,0,0,0,0,2685374737234766610392
0x172b8e8fa5a6729fdcd494e9d4d702f670321f91,664953360210812446551,664953360210812446551,664953360210812446551,0,0,0,150719695462785589869,75359847731392794934,0,0,2439608842975827355572
0x7505f118dacfc0ecfa1f1398c244c67b58113510,0,207013184471934510494,103506592235967255247,0,0,0,155964463113172506031,77982231556586253015,0,0,2257447055731635080371
0x55f6c45ba5c2e4c4cf5d764be8cc699c8d2767fc,3720767618045333303675,3720767618045333303675,3720767618045333303675,0,0,0,0,0,0,0,1699753774674255997610
0xab9e9e191bcad4ef94137102bef0a719d2fecc52,10232470658472195935,10232470658472195935,10232470658472195935,0,0,59796199924266174748,59796199924266174748,59796199924266174748,0,0,1699410608268077222180
0xc9bc2f988bc694c918f45a3043e1c87d67b79ad3,3713244285486799450404,3713244285486799450404,3713244285486799450404,0,0,0,0,0,0,0,1696316899752941887149
0xb074efc82ddaaf4f7d347ee920dc8acd3fbbd924,3671606828722446027040,3671606828722446027040,3671606828722446027040,0,0,0,0,0,0,0,1677295710695124309776
0x26ed991954929922816cacbb3aeef6c991d69265,3553233680115347661060,3553233680115347661060,3553233680115347661060,0,0,0,0,0,0,0,1623219448262295149268
0x6e654785d5f4517ec49847ec03159e6d97304576,3243067516673494289650,3243067516673494289650,3243067516673494289650,0,0,0,0,0,0,0,1481526614630431637036
0x62d02b1ecd2ae1315ae4f2959b39b71427aee101,376228414005931266102,376228414005931266102,376228414005931266102,0,0,37362225642438880830,37362225642438880830,37362225642438880830,0,0,1230787311491682196409
0x21ff3c05de1c752c4ab87af330f409e691302edc,2419864051801365260043,2419864051801365260043,2419864051801365260043,0,0,0,0,0,0,0,1105463570554487564263
0x3c4a95e52ecf28ac085eb5b59d4d691778afda7a,2394090700846391412119,2394090700846391412119,2394090700846391412119,0,0,0,0,0,0,0,1093689561782949340285
0xea04812dd7467ed61fdf3180ce6271e8828e72de,1960844004660855175043,1960844004660855175043,1960844004660855175043,0,0,0,0,0,0,0,895769997111672559999
0xd14c99b29e1931b44d4301df15ad17efff688c0e,1926199082057127947477,1926199082057127947477,1926199082057127947477,0,0,0,0,0,0,0,879943198984484245137
0x1401826b9142cb1726380708eab3443378b78c78,367732141714829911310,367732141714829911310,367732141714829911310,0,0,23415969389308616051,23415969389308616051,23415969389308616051,0,0,831642988834658974165
0xce2141e5510b3712a8b781b757dbac05c5cf62ea,29271456731512210746,29271456731512210746,29271456731512210746,0,0,28618936029139762317,28618936029139762317,28618936029139762317,0,0,824486206918658379389
0x9de6b1e6971b4a4720a8a1030468508e29fc2878,0,0,0,0,0,28745139003824280974,28745139003824280974,28745139003824280974,0,0,814690991006774987242
0xc43a5c7c55ff4ce40c54d8350803041e95084adb,1694237319130583078480,1694237319130583078480,1694237319130583078480,0,0,0,0,0,0,0,773976387135691781778
0x078255d40df5b1834d1fbbf80c6549ce54d1e5c7,1664977610359148074392,1664977610359148074392,1664977610359148074392,0,0,0,0,0,0,0,760609709735869783522
0x6a458d1ac0fcf70cb5ba83e78c34efa7565ba1b3,156199043549212041085,156199043549212041085,156199043549212041085,0,0,22836835831860822912,22836835831860822912,22836835831860822912,0,0,718594851259912046178
0xc14556021bd7fc705c20157f5b46e540698a9b62,318212298464795549772,412103730910785445163,365158014687790497467,0,0,0,34006642439065701753,17003321219532850876,0,0,648720613107226327662
0xb4778d16e1f8159c033e5452c4ad9a2396746702,1302054767742616891443,1302054767742616891443,1302054767742616891443,0,0,0,0,0,0,0,594816106109252797486
0xa281c46bef794568c60494bc3c4e9f2d677381b3,1301239461341204384070,1301239461341204384070,1301239461341204384070,0,0,0,0,0,0,0,594443650671134084819
0x04d8f6af720bc1ca644a4c5e9f92606924eaebcf,1298865503695456192902,1298865503695456192902,1298865503695456192902,0,0,0,0,0,0,0,593359158468582311655
0x013a22a4dcc363310307c9b43d002799ff8509d8,1173498295806603173846,1173498295806603173846,1173498295806603173846,0,0,0,0,0,0,0,536087808385881773599
0x99a144ddbc8a0e2938878c2655fc1ce9620639f7,1156313150507269744415,1156313150507269744415,1156313150507269744415,0,0,0,0,0,0,0,528237139225787065723
0xda2926213fd4a810ee8c8c10dec27e3db3d2e024,1143453841071363815057,1143453841071363815057,1143453841071363815057,0,0,0,0,0,0,0,522362636435723526090
0x44a72b9e0f74efdc57e95e4dc52715d9433bb056,1093190862671012012276,1093190862671012012276,1093190862671012012276,0,0,0,0,0,0,0,499401060752249156994
0x078175ec8ca82e772b2564775210f63af3432cb1,0,2146415327430632514116,1073207663715316257058,0,0,0,0,0,0,0,490272160121563043758
0x838d720b4cc42dc7ebdee60ab8ecc04bbedbe459,51514422259790356343,51514422259790356343,51514422259790356343,0,0,4963562005791314913,26591690535429124404,15777626270610219658,0,0,470700702967358565466
0xca977a85327dd36494d57ff11ca3be02af1142aa,2050142751392761405895,0,1025071375696380702947,0,0,0,0,0,0,0,468282117835080214236
0x404767bb6e4ec4b8d0633d0313a01cbd7376d2ed,4859111608221368,4859111608221368,4859111608221368,0,0,1744883813874408687,29637230664693227246,15691057239283817966,0,0,444716123253396365761
0x648537ece8c8022208212a61dc41441bd0dea23f,130008822998966652369,130008822998966652369,130008822998966652369,0,0,12469794627814496335,12469794627814496335,12469794627814496335,0,0,412809071004111396475
0x683200fb57409b116e98d27aab7cb876703a88d4,883857465030385408994,883857465030385408994,883857465030385408994,0,0,0,0,0,0,0,403771537672286988471
0x7fe5e77da72fa1fd2dbce564094162f4c4fc5b71,792828466118674613331,887902841694095698798,840365653906385156064,0,0,0,0,0,0,0,383903226153204495158
0xbe6c8a4e1e46e32f588f71a78a3e66badc1d380b,64930377477680636759,64930377477680636759,64930377477680636759,0,0,22297932913404148173,0,11148966456702074086,0,0,345644623142592151537
0x28de514641034f2d900cf17c25cefbfec851559a,743608000194035297313,743608000194035297313,743608000194035297313,0,0,0,0,0,0,0,339701544132387842566
0xc7ee55173680b54daa05a777901c9742338f771f,481954328979451180082,998130120534417578247,740042224756934379164,0,0,0,1,0,0,0,338072595248437631548
0x81c4c93ceee4e9959ce71d6d906198b2bd7176fd,169704964910617948451,1160161178263589489518,664933071587103718984,0,0,0,0,0,0,0,303760571569819643964
0x6b711ee0b5e59777bbe00c0ec07e2455a8c3e39a,610331601048186770596,610331601048186770596,610331601048186770596,0,0,0,0,0,0,0,278817047765437165181
0x97d745f411e88cc6224dd991bb344c3d6d8b4ed6,605175619257683778806,605175619257683778806,605175619257683778806,0,0,0,0,0,0,0,276461646834711151967
0xf5dcee91409cf103f84b209425aacfba335d6bf3,589557791547288696434,589557791547288696434,589557791547288696434,0,0,0,0,0,0,0,269326973474781691309
0x3fee441b642f782aaaad78064be04f42e924c17b,578362811117546067941,578362811117546067941,578362811117546067941,0,0,0,0,0,0,0,264212784093383023636
0x0c5a025902a071444d537d27da026ab1dc646733,578229351957219583434,578229351957219583434,578229351957219583434,0,0,0,0,0,0,0,264151816106446776635
0x91f4b5130794fcf36254a43af95361321d81ed0a,103977471804499649,103977471804499649,103977471804499649,0,0,8807416445502025847,8609884831917144199,8708650638709585023,0,0,246866943643811365362
0x5006ffaec38fbfa960eb82ff4ba4a95f98fba6aa,506730216089159306444,506730216089159306444,506730216089159306444,0,0,0,0,0,0,0,231488952269352872016
0xf53a28380519c51a06aee67dace98218150a29da,502906279773521984103,502906279773521984103,502906279773521984103,0,0,0,0,0,0,0,229742068063229544636
0x14aba78f570a023a5bbe4f827fdcc31632beeef4,500372489470831232728,500372489470831232728,500372489470831232728,0,0,0,0,0,0,0,228584559701152857526
0x22be331720a051e0a02d0ce58c76db9e0820c7b6,498978449775351113584,498978449775351113584,498978449775351113584,0,0,0,0,0,0,0,227947722231662385053
0x43404bf9fafbdd93eb548ca8e886d0e54d92cbbf,479303399368879961580,479303399368879961580,479303399368879961580,0,0,0,0,0,0,0,218959592730343409164
0x68cec1489842ece5d253855d24dea65694249362,469741957343430275900,469741957343430275900,469741957343430275900,0,0,0,0,0,0,0,214591650724165383543
0xf0eeb5963d12232cf9d558a60fc8e135a3ac3dc4,0,0,0,0,0,0,13748199923252282783,6874099961626141391,0,0,194824847055767240681
0x56fca41652f64cd204f07056f598cee79745abaf,357968498283337121868,357968498283337121868,357968498283337121868,0,0,0,0,0,0,0,163530316491849191221
0x76a74db6fc98ac7aebc96c2e97c19d74dc828637,336039256120939867485,336039256120939867485,336039256120939867485,0,0,0,0,0,0,0,153512407294697488812
0xf88ed04c5556853862b79f37bb3c062db8b5eba6,331025426626852447099,331025426626852447099,331025426626852447099,0,0,0,0,0,0,0,151221945625762276664
0x9ebd9702db7cfcce7599f5c8ad7182d2025822fb,324031263884870960745,324031263884870960745,324031263884870960745,0,0,0,0,0,0,0,148026810712280499038
0x2b800c24f371766132d571c03a1aa528c6c50d62,310628437152770834426,310628437152770834426,310628437152770834426,0,0,0,0,0,0,0,141904013572597736312
0xc8b90a411b1830e5246251633fd5399d7defb7f4,294330624791452391398,294330624791452391398,294330624791452391398,0,0,0,0,0,0,0,134458703646299014049
0xaa543db2074ddd6d5f9293185b519ff030e52d40,293155222621424620965,293155222621424620965,293155222621424620965,0,0,0,0,0,0,0,133921746093353370138
0xd814d1e28b449ec0964e2caab70c5f268c5052e8,283389803735429601450,283389803735429601450,283389803735429601450,0,0,0,0,0,0,0,129460621584463638958
0x5d23da297a2bda0f00550091623690558b38c7b2,280941097362916411294,280941097362916411294,280941097362916411294,0,0,0,0,0,0,0,128341982011392217929
0x492cf24a0162bcd72265d4b7542836a5593d62ac,6814506823318258762,523176780765086005345,264995643794202132053,0,0,0,0,0,0,0,121057639726518849933
0x879f50787ab4a36aa3cdf971691bfc8058da203c,94963023599391431,101622826776875937,98292925188133684,0,0,4374704415204373141,4154704415204373141,4264704415204373141,0,0,120914600899551529500
0xd6ec3c3e025f9e7caed11377b455358a624ec857,479941397122828712569,1,239970698561414356285,0,0,0,0,0,0,0,109625524236652937471
0x9207cacfbc8493b60962f6871eaeeadc9a6d2d2b,478076127526135779442,0,239038063763067889721,0,0,0,0,0,0,0,109199469808745729305
0x510008da3ee00bff22b3e4f84e020cb406ad02d0,8063954074363878,8063954074363878,8063954074363878,0,0,3845751019325551471,3300051019325551471,3572901019325551471,0,0,101266379838792030759
0x1c14e47baae4cbc7c2d5a2b05a76281d82805436,210304880747296848148,210304880747296848148,210304880747296848148,0,0,0,0,0,0,0,96073324533615569622
0x0a8c33a7359eff8d306c8079b4043bbc1d887ae8,226441981843226491,226441981843226491,226441981843226491,0,0,3516643127901508014,3216643127901508014,3366643127901508014,0,0,95520406876820867755
0x0fdf71186e7a19d7c94fb59ba859e2aa6a2216b8,80483845375178089,80483845375178089,80483845375178089,0,0,1218529079051859047,5266521714643076484,3242525396847467765,0,0,91936000407138689850
0xd60471bbca0be533b80a3491176b398221895747,200125945965399944484,200125945965399944484,200125945965399944484,0,0,0,0,0,0,0,91423294057704903528
0xb92b0092c51cd380fcc8806757897c31409e277c,184973390120367213149,184973390120367213149,184973390120367213149,0,0,0,0,0,0,0,84501170281781673280
0x5dc7c4fa4fb45b7bf0b6f4690d2e1c2f0ed9e3cf,53811104341823847,53811104341823847,53811104341823847,0,0,2907663694543687607,2400078103827239943,2653870899185463775,0,0,75240246319711025891
0x2cff134ed0c1a83935e756b48bd6b25e231a997b,9474804189646727,9474804189646727,9474804189646727,0,0,2734509120916005628,2504509120916005628,2619509120916005628,0,0,74246115170725588968
0x4ae035222241b4503a7eab75dc69ada76ebb60d8,11241798977091060,11241798977091060,11241798977091060,0,0,2522590783213242262,2250090783213242262,2386340783213242262,0,0,67638495683901231668
0xaa2876d38d0d276ac1fda8fe77ce2be67cae049a,50500715396605001,50500715396605001,50500715396605001,0,0,2503028176288429519,2252728176288429519,2377878176288429519,0,0,67416584182445011310
0x8e42778ccc4d8a17874561704a6653bce460a624,142655360142435089407,142655360142435089407,142655360142435089407,0,0,0,0,0,0,0,65169075785228230674
0x9c7a5a01c875815275306fd725d3c53ef24de9b8,36053126922908,36053126922908,36053126922908,0,0,2483132979754387900,2003132979754387900,2243132979754387900,0,0,63574599636775222710
0x1dbe2c010cdeba22606798438ebd3075980924fa,0,0,0,0,0,2174057046460368751,2174057046460368751,2174057046460368751,0,0,61616842049378155798
0x911bedb10a32878b572a9c39808cfa07eb671792,104985172520439312,104985172520439312,104985172520439312,0,0,2346091430374020894,1900045211136518450,2123068320755269672,0,0,60219686466616535252
0xbe77d21cc4e3e699b7bde00d6c6778c288613a8c,53866128034582863,53866128034582863,53866128034582863,0,0,2305348711678874907,1875348711678874907,2090348711678874907,0,0,59268998910420199003
0x036eb513dadc2eeace61846786c93681ea44e3fd,7983030164025917,7983030164025917,7983030164025917,0,0,2126946859561257063,1709091625576705079,1918019242568981071,0,0,54363898790205298038
0x50ab8ea0a6f062b70bcd2619afc112168873544c,115983406298870488169,115983406298870488169,115983406298870488169,0,0,0,0,0,0,0,52984559341991410118
0x1d59a0d0d1bc18e8738c7d5060888737dd002707,107271000099057084596,107271000099057084596,107271000099057084596,0,0,0,0,0,0,0,49004481346040685074
0x4f3973a294b3d2f96f6cf1a783ae95cc61904499,84117574436721133205,84117574436721133205,84117574436721133205,0,0,0,0,0,0,0,38427329879948823937
0x37375c5b004f56615cbb410ae0bc770b73795499,82373636600555644301,82373636600555644301,82373636600555644301,0,0,0,0,0,0,0,37630648865675540769
0x7fcebd30aedb2a6cda68df4205bb45339c21a00d,1,1,1,0,0,1251952392345108969,1251952392345108969,1251952392345108969,0,0,35482671872877146097
0x570b7fcc5eac22c4994bd0a1b1bdc0311b06610d,6126177339186367,6126177339186367,6126177339186367,0,0,1356631760030056843,1126136290730184674,1241384025380120758,0,0,35185943205085296733
0xf902a1c5815b57e7888dc93842dbff8f3d5523f6,75659367367143072747,75659367367143072747,75659367367143072747,0,0,0,0,0,0,0,34563377365482326566
0xba8e0562099224372efe3766b6b9933eb33b9db4,1022676577015354805,1022676577015354805,1022676577015354805,0,0,1143151985840214616,1143151985840214616,1143151985840214616,0,0,32866253007321134352
0x88dafd252a47b91cbbf1a43f7aae449076c06328,71085164423717995041,71085164423717995041,71085164423717995041,0,0,0,0,0,0,0,32473749762429439977
0x97fffc9fad764f891d1ac3781cc5503d18ab1003,151559986450436977,151559986450436977,151559986450436977,0,0,1253328425966682755,1000028425966682755,1126678425966682755,0,0,32001410376576882838
0xf093a601b508aa895aa98acba3de463bea2c3d49,69322940636497111859,69322940636497111859,69322940636497111859,0,0,0,0,0,0,0,31668715199232764618
0xbbaf5dc49289966e81db4032c2fd7d600ededead,68986705108752534812,68986705108752534812,68986705108752534812,0,0,0,0,0,0,0,31515113129409420956
0xc6f3a18de2cad99dbb586c2a041b64d6670c192f,306054329946996173,306054329946996173,306054329946996173,0,0,1204211969161109002,1004211969161109002,1104211969161109002,0,0,31435246444061629200
0x53d52f54aaa70f2f24a9fa9f132d9b792d3619d2,0,0,0,0,0,1108700110515451429,1108700110515451429,1108700110515451429,0,0,31422634332886165273
0x719ec2ef45a985d469f6ef453a690aba59dccfa4,63943958333544138375,63943958333544138375,63943958333544138375,0,0,0,0,0,0,0,29211441213884147032
0xf72d9af3155da29e316cd7223a68b9fc33323218,58059343443582062906,58059343443582062906,58059343443582062906,0,0,0,0,0,0,0,26523179704832414147
0x1294f059174369b0c78b62ffedbbe27cf258faf0,53827677130513112768,53827677130513112768,53827677130513112768,0,0,0,0,0,0,0,24590032696694481043
0x9fff7a309ff09d41f04f8b0ed76483ee6c4addb3,0,0,0,0,0,0,1726320228380788585,863160114190394292,0,0,24463571692373371908
0x2262f080f655d2a09508c3804211801069688353,52044957607084854591,52044957607084854591,52044957607084854591,0,0,0,0,0,0,0,23775635091093798982
0xf2ecebe8f4cb2624ed986074caf9484dc507c88f,49905556866614045077,49905556866614045077,49905556866614045077,0,0,0,0,0,0,0,22798295236134910027
0x13e76a6ca3e070d0920c49f1abc8eb91a386faed,49495700354578453031,49495700354578453031,49495700354578453031,0,0,0,0,0,0,0,22611060981023513746
0xf9d0403789254af862ebc0703693e1f11647a963,0,0,0,0,0,757896354021950139,757896354021950139,757896354021950139,0,0,21480199892455479615
0x11ebee2bf244325b5559f0f583722d35659ddce8,46374356352259943595,46374356352259943595,46374356352259943595,0,0,0,0,0,0,0,21185141172361844615
0xc3d8ad173ae5bb4d02ac0385fe8c6261c35572e7,45660453866047477541,45660453866047477541,45660453866047477541,0,0,0,0,0,0,0,20859009962284701181
0xb4b15741a2152d1c8135bd947996b613a8cb584b,45494775600948369437,45494775600948369437,45494775600948369437,0,0,0,0,0,0,0,20783323360649624297
0xe00933f56f3413cd64336d2d6f8807077a99a83b,40805010383989259364,40805010383989259364,40805010383989259364,0,0,0,0,0,0,0,18640903583826798941
0x4987f8529c988223ef269779997bc65c7bcc2c7b,39620393417129341668,39620393417129341668,39620393417129341668,0,0,0,0,0,0,0,18099736446379737813
0x04ca6bab20008dd5f071f6ee88939c414529ed1d,39231255030722596024,39231255030722596024,39231255030722596024,0,0,0,0,0,0,0,17921966827563017554
0x51bae6ab25689754048762a78d239ea09d504fd4,35438813696720674471,35438813696720674471,35438813696720674471,0,0,0,0,0,0,0,16189470435840792774
0x3f590ff6f4fd1f68bf0f3b132d807ae5503e5044,34844994501455603365,34844994501455603365,34844994501455603365,0,0,0,0,0,0,0,15918196730455213394
0x8f4a092a6cc2edb57eac58b656aae66122f42f82,67922622950391562409,0,33961311475195781204,0,0,0,0,0,0,0,15514504881435686231
0x3a42696894d44edd10f0e2c853e9aaf107271d78,89380350717780482,89380350717780482,89380350717780482,0,0,532486999616346162,532486999616346162,532486999616346162,0,0,15132508804608483480
0x776e3cc00a9471bf071a8c798fdc0671c6e5ed37,0,581217049707057971,290608524853528985,0,0,0,1044444389157385241,522222194578692620,0,0,14933511858909376812
0x7ebfa3dbda499d2e4766a2aac720539b43ec3c83,32648175033402360364,32648175033402360364,32648175033402360364,0,0,0,0,0,0,0,14914626347561202794
0x1e6487baa3ca8cad228902647ff186f0d3e47439,0,61780759415727547018,30890379707863773509,0,0,0,0,0,0,0,14111614833163376602
0xc87e3788764823ceddd132ca2e697767de5ed4de,30161891168184701734,30161891168184701734,30161891168184701734,0,0,0,0,0,0,0,13778820293907269775
0x6ea2a8559eabd660102308c6cc30fd4f50257033,26830579948071393402,26830579948071393402,26830579948071393402,0,0,0,0,0,0,0,12256981414870533563
0x47457ac886fdcd20d0efb1f90fca931465850c48,26585586501062092704,26585586501062092704,26585586501062092704,0,0,0,0,0,0,0,12145061354530059360
0xa5848899443980b8f6eab07b4cb79d2106fd69d3,26157138972429154878,26157138972429154878,26157138972429154878,0,0,0,0,0,0,0,11949334187772390731
0x9807657e4d4bc3a5540a6e3040c8d4d8f4aaaecf,25588879073774480203,25588879073774480203,25588879073774480203,0,0,0,0,0,0,0,11689736704970785400
0xb83175a6cfdb247352b54a4b1b8c70444d6ebca8,23925403165803134523,23925403165803134523,23925403165803134523,0,0,0,0,0,0,0,10929813016122037131
0xaafff3e2b6d975f74e3140a11650e1ff2e22aae1,0,0,0,0,0,5931308657240405,757303985735937390,381617647196588897,0,0,10815757723032765245
0xcadbede22ed7b608227be830d1d1324fee7d3288,22083160185190148790,22083160185190148790,22083160185190148790,0,0,0,0,0,0,0,10088223381505430264
0x64b53691a7a26744e4fc05120ed6dbdb02ca335a,21983193111112943154,21983193111112943154,21983193111112943154,0,0,0,0,0,0,0,10042555543857687929
0x4770f67db9d09ca7347c1fccbf3795a464065ecb,21487401996124790228,21487401996124790228,21487401996124790228,0,0,0,0,0,0,0,9816063887925198726
0xc0d477556c25c9d67e1f57245c7453da776b51cf,18752247211028673634,18752247211028673634,18752247211028673634,0,0,0,0,0,0,0,8566566432685618697
0x7506b5c4287c77de5ea1d00b60dd866b635dd1b0,16386825380603891363,16386825380603891363,16386825380603891363,0,0,0,0,0,0,0,7485973636333125634
0x01de7a89abaf0c6b526e5eed1d20d6ed36bd7fff,11143390026290856814,11143390026290856814,11143390026290856814,0,0,51883413193590701,53662996889385511,52773205041488106,0,0,6586312713249875668
0xdfdd57c8d9b12ae21cbb6944a39f5be96c88ecb3,14104963623795177224,14104963623795177224,14104963623795177224,0,0,0,0,0,0,0,6443553487434381730
0xcf1db71182a5fe1dda01a026c479a35dad3a8d6a,13691760431511188542,13691760431511188542,13691760431511188542,0,0,0,0,0,0,0,6254790372429330394
0x5a6bcb6d56cb3eed880fa514bd56367df9a35d5c,13569478043350206014,13569478043350206014,13569478043350206014,0,0,0,0,0,0,0,6198928256815132369
0x1bfd53a92828347a450577fec01fc7601fd29cf6,13408813046552150704,13408813046552150704,13408813046552150704,0,0,0,0,0,0,0,6125531860479854850
0xe2df62289a610191b74bdae9bd6e04c2561efbb2,13379469369269459240,13379469369269459240,13379469369269459240,0,0,0,0,0,0,0,6112126823846505409
0x2b86764c8700d96f85c9e43100426976c4f48332,10954703885516190308,10954703885516190308,10954703885516190308,0,0,0,0,0,0,0,5004424138056454170
0x5313514efdf0d5d812b5875ec38c9e4ea0de1e79,10445931917924398118,10445931917924398118,10445931917924398118,0,0,0,0,0,0,0,4772002454915461898
0xaa016cbe81e03aa4afef755c2b7b89e6efe448af,10265889425559677816,10265889425559677816,10265889425559677816,0,0,0,0,0,0,0,4689753860696760640
0x6f6a7a973f08d66ce5e48791999de5e1c5ad7c0f,9933164533491796247,9933164533491796247,9933164533491796247,0,0,0,0,0,0,0,4537755550327253568
0x24a80550a3d9d63a2c41585c08f122994584b66f,8364805285426312752,8364805285426312752,8364805285426312752,0,0,0,0,0,0,0,3821283890281726002
0xb4b35d7ba2a507eba7d15b06fdded697e33189e2,853586432453467024,853586432453467024,853586432453467024,0,0,119447794873144572,119447794873144572,119447794873144572,0,0,3775316725160365452
0x7e7cd0bea9e8f73209d28b2cb7a9388f7a29bd76,7808096888099037828,7808096888099037828,7808096888099037828,0,0,0,0,0,0,0,3566963465872366435
0xe7ad709005bf8bca4a6be4c0caffd1a31ec7eb7c,2221193622457248262,2221193622457248262,2221193622457248262,0,0,82884033123964462,84733043358651105,83808538241307783,0,0,3389995888956110990
0x9f20d7a4bde8ce512c7c1228837e008fd369fa25,0,277373190447513822,138686595223756911,0,0,0,227259206053493064,113629603026746532,0,0,3283831459836138443
0x9a67df384ec63f6cf960ef7e33287ea61491e415,6089875739578576373,6089875739578576373,6089875739578576373,0,0,0,0,0,0,0,2782030574939212171
0x249219b99faff512dc3948903f4f44ac2116143e,5172486321529797538,5172486321529797538,5172486321529797538,0,0,0,0,0,0,0,2362940675690462009
0x90361d5443ae9b8162f58cd55483fab13f6adea3,5000568125432853520,5000568125432853520,5000568125432853520,0,0,0,0,0,0,0,2284403493918147093
0x8c7bb77311edab741bf01fb01d94373ea98a4ae9,4773629506205617020,4773629506205617020,4773629506205617020,0,0,0,0,0,0,0,2180731398735405387
0x0f77113c39a8648590c9f80cf8c9360e28775cda,465332642176409036,465332642176409036,465332642176409036,0,0,69165870355647465,69396957770676125,69281414063161795,0,0,2176142175129291717
0xee5e69b45077057187dd5b0c4b30cbfa6db469a6,463521210738412177,463521210738412177,463521210738412177,0,0,66244128442670247,68323849192309270,67283988817489758,0,0,2118703894569999873
0x19f95a84aa1c48a2c6a7b2d5de164331c86d030c,4614549325301082160,4614549325301082160,4614549325301082160,0,0,0,0,0,0,0,2108058991929629927
0xbf1216ac59c78b7e604304bf53986b3e2730cdba,3912547332227965452,3912547332227965452,3912547332227965452,0,0,0,0,0,0,0,1787364269752453936
0x813aef302ebad333eddef619c6f8ed7fef51ba7c,3830400134966294769,3830400134966294769,3830400134966294769,0,0,0,0,0,0,0,1749837064896325719
0x197ec0fd5beeb61399f194b3e16aaf75d1984113,515595091230887694,515595091230887694,515595091230887694,0,0,51801870340448451,53581092708314592,52691481524381521,0,0,1728913798691875685
0xdc269be8130ae6d542d65a53a599ec9b77012025,7531820613940188467,0,3765910306970094233,0,0,0,0,0,0,0,1720376254704094086
0x429f0180679d93b3596e13c6c8e799a3137041a7,3624791925453993945,3624791925453993945,3624791925453993945,0,0,0,0,0,0,0,1655909315007407357
0x572f42c848a30b2fb0f9b79158b2861c9c50b868,3510157507695340030,3510157507695340030,3510157507695340030,0,0,0,0,0,0,0,1603541012470088423
0xc074e79b9b37229aa8d1333ead59d2f61c21027f,489819813049874390,489819813049874390,489819813049874390,0,0,47151349229228339,48422356224129197,47786852726678768,0,0,1578132558027515798
0x6c7abecab232ef536c06d4374ac0b77a733f4864,482258029519294804,482258029519294804,482258029519294804,0,0,46697841220903435,48731544684320174,47714692952611804,0,0,1572632974663719132
0x7293c3e568cb7a2a3d508d8b3d8e8b63c0090585,50620973789259680,50620973789259680,50620973789259680,0,0,52894687548938273,52894687548938273,52894687548938273,0,0,1522259473227143270
0xc2739ef8d8a9affc876e5d24931fccfadeb75f79,0,0,0,0,0,52950111320306971,53997212972720239,53473662146513605,0,0,1515543577684866125
0xa881e9f218dfe5b514b888aebaf20a8622bbf326,0,6192617290158106021,3096308645079053010,0,0,0,0,0,0,0,1414482936667378933
0xa2c4cb0a960bbc7cac402aec7b4baf1c2da5b8fc,3011097902995168831,3011097902995168831,3011097902995168831,0,0,0,0,0,0,0,1375556216332190310
0xd5c3b72fc2dc633a7c28c85b83efb4c4f62ecaec,458704857764950601,458704857764950601,458704857764950601,0,0,39789992851735209,42200872226212437,40995432538973823,0,0,1371436802948108569
0xf99c754d1e84e4731a4ee0c4c833a7ed31d2b5fe,0,0,0,0,0,46860450456011157,49414869797666554,48137660126838855,0,0,1364311302452360893
0x0fe7f18771b58137247b347569dcdbe07f2201f6,2652272383468090230,2872947062540306449,2762609723004198339,0,0,0,0,0,0,0,1262039661346830849
0x4117a6e1761e7d9316938abc8a48de2faf388fb5,2744215754028871541,2744215754028871541,2744215754028871541,0,0,0,0,0,0,0,1253636766727607695
0xce38caf2da47fcc0fa3bdfc183db9aa3ad75605f,435071670724667421,435071670724667421,435071670724667421,0,0,32269727439302009,34999533187747396,33634630313524702,0,0,1152021583355737130
0x47748c1782609b169ac2f802a2a4d1d75942e211,3915289621276971,3915289621276971,3915289621276971,0,0,37085245369045321,40598389015688232,38841817192366776,0,0,1102638348062375694
0x793273b456bdce672238f3fee3ca54b2748e6bbf,2351093739957700282,2351093739957700282,2351093739957700282,0,0,0,0,0,0,0,1074047312098872549
0x492733260456e653539251fe9bc1cfa3c6789f93,0,0,0,0,0,34365125348272062,34866658887753689,34615892118012875,0,0,981079112209392973
0x8e3e59d0146a07d79604694c51b14ea4159d162c,2123641971647270448,2123641971647270448,2123641971647270448,0,0,0,0,0,0,0,970140795640559025
0x649f8b6d6838d52a5dddc6c11a235d0ba26e6ab9,1810881852600330152,1810881852600330152,1810881852600330152,0,0,0,0,0,0,0,827262968404230579
0xc4a405e0d1ff7ac8d7ab802f1f8f29bb62fdd1e9,1721561028577510934,1721561028577510934,1721561028577510934,0,0,0,0,0,0,0,786458644303613733
0xab13211f8acca2cdad9fbb06e97d8b936a83c91b,1661167641448048984,1661167641448048984,1661167641448048984,0,0,0,0,0,0,0,758869206242283062
0xbf40fb39a1e4d58d93bc0c5f963e397656cac290,0,3188757543592851496,1594378771796425748,0,0,0,0,0,0,0,728358127628829518
0xc50816c6b35c5c089ee7d0211c7f7a069e9ea1ac,1589089682575921852,1589089682575921852,1589089682575921852,0,0,0,0,0,0,0,725941919391706852
0x81834cd729a10f61529a701f99e28c702d501f4d,47511967060577121,3066222916781146308,1556867441920861714,0,0,0,0,0,0,0,711221872131492970
0xb5f4051534b63bfd8cecd7a74d747a753780592c,2527167623281213528,0,1263583811640606764,0,0,0,0,0,0,0,577241465722527468
0xd96bbf681280147944e6fa2691d627a4c15048e8,0,0,0,0,0,20124770943191474,20124770943191474,20124770943191474,0,0,570373640611434951
0x91ac14c7d856a9b786e25b2d505efcaf6b5cb180,1208369649855412374,1208369649855412374,1208369649855412374,0,0,0,0,0,0,0,552018046916500932
0x29c3e6b5560a793ed0cf908e810e601ef7575fb1,1057004779957907910,1057004779957907910,1057004779957907910,0,0,0,0,0,0,0,482870216314674248
0x7db1043b5cfb4547ae58f58a92ae983ae5537032,1021967653084807487,1021967653084807487,1021967653084807487,0,0,0,0,0,0,0,466864247985058546
0xed6f695f1db79428c0afeb1697ab3b553a3a7cb4,1020463235331080570,1020463235331080570,1020463235331080570,0,0,0,0,0,0,0,466176986640603055
0xda4e257275a686592a3bc7c43ab94526086ca281,1982456686722079925,0,991228343361039962,0,0,0,0,0,0,0,452821646270172757
0x52132d0c320624bc73eb77f1696756d352726634,869530169881379682,869530169881379682,869530169881379682,0,0,0,0,0,0,0,397226416742862169
0x7e52082fd8ca9025e7e2c4da3fc7c4fef9fd9706,1481120712923827574,0,740560356461913787,0,0,0,0,0,0,0,338309292729098845
0x4acb134fc6a4595893c7070caa58eb392ccfbf1a,674513309513013780,674513309513013780,674513309513013780,0,0,0,0,0,0,0,308137100084491502
0x93783d61043415da00f83d7f4abf137afba14e2a,535622056859825804,535622056859825804,535622056859825804,0,0,0,0,0,0,0,244687576974925550
0x77059a202bffa20847f924bac7c94fb386247147,40263294678163466,1025747745267872224,533005519973017845,0,0,0,0,0,0,0,243492267590819836
0xfcf43c619a478317bfa6d310d4649bdfac1b5956,353256543312812243,353256543312812243,353256543312812243,0,0,0,0,0,0,0,161377759796719621
0x3b120e41bb99a8f99b435c7a7d0a4c7b23bff081,305167632596005940,305167632596005940,305167632596005940,0,0,0,0,0,0,0,139409360825916469
0x689dfa80839f029a6e8ba6eecac87156861e0ae8,513137671821794177,0,256568835910897088,0,0,0,0,0,0,0,117208031264373818
0x9a10586aa206a401ba50a168a847686d1e500dc6,190248928335881476,321087787643720123,255668357989800799,0,0,0,0,0,0,0,116796667023841558
0x297473ed61355a7b16f6231b4ddad513f369d518,252902201421905991,252902201421905991,252902201421905991,0,0,0,0,0,0,0,115533007061629455
0x1084673985f3e5a0c0e902ad2839e2b77acbb28a,105262888381192024,105262888381192024,105262888381192024,0,0,0,0,0,0,0,48087118096625533
0x009e88f9b07c4aadd5336064f7c35703bd152550,102370956862177225,102370956862177225,102370956862177225,0,0,0,0,0,0,0,46766000515483176
0x2cf3bc994c63df03e3438226cc2e52ffa980aee7,65394005688811680,130725170630217629,98059588159514654,0,0,0,0,0,0,0,44796443161021737
0x4c615ada1200e54ea81a4a85f263f1c94be73dad,5675557740698331,5675557740698331,5675557740698331,0,0,1447941127628185,1447941127628185,1447941127628185,0,0,43630117301839810
0x7ced404a21d9199cb9a8beb52365d777a96fe556,81533209366982966,81533209366982966,81533209366982966,0,0,0,0,0,0,0,37246717508157798
0x72f1c8601c30c6f42ca8b0e85d1b2f87626a0deb,66022774577147130,66022774577147130,66022774577147130,0,0,0,0,0,0,0,30161104326350874
0x0a15032416a5316c4d3d9e3e9fb0a397800dec1d,63891156460023928,63891156460023928,63891156460023928,0,0,0,0,0,0,0,29187319797811138
0x3844597c2b75e8510d8895173addc28dd995fa45,32194503569148,112032934174138409,56032564338853778,0,0,0,0,0,0,0,25597288655634716
0x7b3a6c93519e30a0076cff368d9355e105387a3e,54224162712400109,54224162712400109,54224162712400109,0,0,0,0,0,0,0,24771158725943892
0x650036b83283656bca3a4d11671e3dd4229b5720,51279265495913529,51279265495913529,51279265495913529,0,0,0,0,0,0,0,23425844889230699
0x7ddda2969d0e6b1c0344e160f5c2d091ed86fdca,40581656665333603,40581656665333603,40581656665333603,0,0,0,0,0,0,0,18538869174440080
0x3f6e473d9457452952026c6a77ea79a469d8bdd3,0,0,0,0,0,458876804541737,458876804541737,458876804541737,0,0,13005426712057071
0xb78053673c45e29fbac3028a8fc440179739448a,7079345381708916,7079345381708916,7079345381708916,0,0,0,0,0,0,0,3234048795851426
0xbb5905325ea3ebd3f2ecfe12e84b1b74c1cdbb1a,4760531297609311,4760531297609311,4760531297609311,0,0,0,0,0,0,0,2174747759930588
0x094da4a75c31995b325311f6986109256fb62234,97700698462904,164016519486414,130858608974659,0,0,45117901367236,45117901367236,45117901367236,0,0,1338505672647210
0x5e2cb33af78c69d4a35e7948455e2c2c09d76d2e,103252216157740,103252216157740,103252216157740,0,0,39352237313225,39352237313225,39352237313225,0,0,1162484576849859
0xa6381e2a61a76e9ad197ba1d626815297779297a,104284542201269,104284542201269,104284542201269,0,0,38909210159056,38909210159056,38909210159056,0,0,1150399955126208
0x338f866332615606f2db818bc68f9b9adb4691c3,51437169748672,51437169748672,51437169748672,0,0,39370847803706,39370847803706,39370847803706,0,0,1139341427914225
0xdfeef4a58683105b55ee3170e6c4c7c2e8c921ed,50945627111783,50945627111783,50945627111783,0,0,38988611352570,38988611352570,38988611352570,0,0,1128283581301608
0xa8cc1c2492319e85e82dffc40837bc5248a63287,3543774259899,3543774259899,3543774259899,0,0,2540533191752,2540533191753,2540533191752,0,0,73622359407504
0x6dd8ae87f18b11f6bcacbfba0f12a1329b05ac2f,64833215241692,64833215241692,64833215241692,0,0,90574877985,90574877985,90574877985,0,0,32184740784164
0x375bff222467d43aa89daf37020ed715ef309cc1,176964896426,176964896426,176964896426,0,0,0,0,0,0,0,80842659785
0x0000000000003884aa82e3af33fae4617889b361,39134,39968,39551,0,0,2085,3462,2773,0,0,96660
0x19d3e22ab96330608864ead791a0bc9acea12cd0,1,1,1,0,0,1,3,2,0,0,56
0x9c721bf6fcbce28830b6cd68997bffb567310318,0,0,0,0,0,1,1,1,0,0,28
0xc4e793690af58f54c467122f94c288bcfbe74ec1,0,0,0,0,0,1,1,1,0,0,28
0xda0eab4ef2a5d4f02f651b46b86609c0517311b2,0,0,0,0,0,1,1,1,0,0,28
0x575a590e56acd5644c486e0dfa3d99bbb31e8246,0,0,0,0,0,0,0,0,0,0,0
0xc4992aaf70002e1c4738082be4b4bbe6b2a909a5,0,0,0,0,0,0,0,0,0,0,0
0x0000000000000000000000000000000000000000,0,0,0,0,0,0,0,0,0,0,0
0x6a200b0191daa9f877a13b720ebec676827da5a8,0,0,0,0,0,0,0,0,0,0,0
0x2ab54ceaaeb37bc7b5aa9601719def19540663af,0,0,0,0,0,0,0,0,0,0,0
0x77199602114bdecb272ac9d5038d7e01cccec362,0,0,0,0,0,0,0,0,0,0,0
0xaabfeda55dcfe5ae40967a5a32e461ea0dfa9019,0,0,0,0,0,0,0,0,0,0,0
0x809ccab2f0ab926ca334467445c9ae08852b2eb1,0,0,0,0,0,0,0,0,0,0,0
0x59bd0607436807926e96abea518390ebe604d595,0,0,0,0,0,0,0,0,0,0,0
0x7c172bd11a77532ca4e29006d755ad72c5781a05,0,0,0,0,0,0,0,0,0,0,0
0xe2edf24570156cd56ce8f9ab64d28f4ade6180ae,0,0,0,0,0,0,0,0,0,0,0
0x8a13f3b672b160ee525d6ef4e22f4190ec36b7d3,0,0,0,0,0,0,0,0,0,0,0
0xf08bcbce72f62c95dcb7c07dcb5ed26acfcfbc11,0,0,0,0,0,0,0,0,0,0,0
0xa68c2d999cbf838f14387961ce828990d5ad5ea0,0,0,0,0,0,0,0,0,0,0,0
0x98440184426887970b7c3141e3019b6f39406476,0,0,0,0,0,0,0,0,0,0,0
0x18a62a3ac2ca9f775a4a12380eda03245270b73e,0,0,0,0,0,0,0,0,0,0,0
0xe983b8a0b018dd2bdecb5f3e568b577020b7a6f4,0,0,0,0,0,0,0,0,0,0,0
0x060b54a68581ddff1285c8d1f9b78898d63a46c7,0,0,0,0,0,0,0,0,0,0,0
0x80ed9a16f42e38c6ebf43d19b1e2c3dfdb34788f,0,0,0,0,0,0,0,0,0,0,0
0x0f3d8a38d4c74afbebc2c42695642f0e3acb15d3,0,0,0,0,0,0,0,0,0,0,0
0xc83139d47ceebbea84e81db0dc5ad5e4e09abde4,0,0,0,0,0,0,0,0,0,0,0
0xcee8cd002f151a536394e564b84076c41bbbcd4d,0,0,0,0,0,0,0,0,0,0,0
0x7177b9d00bb5dbcaaf069cc63190902763783b09,0,0,0,0,0,0,0,0,0,0,0
0x2dfbdb28013d7c7a93ecff227c3b20bb3050bc2e,0,0,0,0,0,0,0,0,0,0,0
0x4aa9aef59c7b63cd5c4b2ede81f65a4225a99d9d,0,0,0,0,0,0,0,0,0,0,0
0x3f5e66faa7b41a7a3b7bb223046f2b7b3afd2643,0,0,0,0,0,0,0,0,0,0,0
0x37356796d9ab7482be9a24fdd36102fa8b0f4928,0,0,0,0,0,0,0,0,0,0,0
0x62a1d81fa371ae26e185d5543d10770ffdbfbbe4,0,0,0,0,0,0,0,0,0,0,0
0x9dabca307d4ac63509564ae0033c16fcee828c5e,0,0,0,0,0,0,0,0,0,0,0
0x61b1758b4cad51f8e4cf07c36ac9b547791df0e2,0,0,0,0,0,0,0,0,0,0,0
0xdf97fb525954f6c706a4fb704ae39f2c87901ce9,0,0,0,0,0,0,0,0,0,0,0
0xd9c62e4360a4286989c455743b6f129d97aec0d7,0,0,0,0,0,0,0,0,0,0,0
0x6037c8fd5a32fa44ed358ef96d94bd323d5b5e90,0,0,0,0,0,0,0,0,0,0,0
0xf406b4e97c31420d91fba42a3a9d8cfe47bf710b,0,0,0,0,0,0,0,0,0,0,0
0xac603887af155ecb2763937019bed0e7d13874cf,0,0,0,0,0,0,0,0,0,0,0
0x1ca72e36b8b1d325ccf47ed8f6c8896ed43eda63,0,0,0,0,0,0,0,0,0,0,0
0x80e57320ee6eb682eede08f9f2d7d94dbda606cf,0,0,0,0,0,0,0,0,0,0,0
0xef4a2a1d08434dad20ff10ca8ae65325d7e2804b,0,0,0,0,0,0,0,0,0,0,0
0x686ac28b62abf17504239b896a728c8370e2a713,0,0,0,0,0,0,0,0,0,0,0
0xbea117dce3292524d73ca74252d29df0cda2589f,0,0,0,0,0,0,0,0,0,0,0
0xdd85a5922ec3b1bb9f429e461b5bd79248030388,0,0,0,0,0,0,0,0,0,0,0
0xadfef0f009926f8995df1efff628372d3bd7df02,0,0,0,0,0,0,0,0,0,0,0
0xa3728d04e228f22b322e4195a9961290e94846ca,1,1,1,0,0,0,0,0,0,0,0
0x3ec56bbac1a865b3e9f0deec837f4013cc23e80b,0,0,0,0,0,0,0,0,0,0,0
0x3ac5da0d643bd693a04e105c9ae4835d75da026b,0,0,0,0,0,0,0,0,0,0,0
0x1add655eecb5287985ab7a6f4aaa9e3c85cc608f,0,0,0,0,0,0,0,0,0,0,0
0x2bd1071f08c537449040d7bd95d1fbeacc373b22,0,0,0,0,0,0,0,0,0,0,0
0xe386a926fce75e49a91c656b7e0131eb6f8bd104,0,0,0,0,0,0,0,0,0,0,0
0x2fb8d12bc52967aa991cace6b2fca810be67cd3f,0,0,0,0,0,0,0,0,0,0,0
0x9d860d302fe064ffb5ed12d6e952989d2f4663cf,0,0,0,0,0,0,0,0,0,0,0
0x5ecd59da138e598be778677255743554d17a1b69,0,0,0,0,0,0,0,0,0,0,0
0xf1bee8834c4745726172dfbe9edc9ff08ef2245c,0,0,0,0,0,0,0,0,0,0,0
0x7b348860bea02c43eecb4b2c68a7c0b6044f1e84,0,0,0,0,0,0,0,0,0,0,0
0x97e21a7f3b82daf63fe991c98698285c181bbd8f,2,2,2,0,0,0,0,0,0,0,0
0x858d0d5ce735fdbac5f95573f86fe5031318a9ab,0,0,0,0,0,0,0,0,0,0,0
0x9efd04ab9968b88399a298fb6c20ddaaa67eb81c,0,0,0,0,0,0,0,0,0,0,0
0xc481ffd3a65bb03b76adbb58eacc2028eb838a95,0,0,0,0,0,0,0,0,0,0,0
0xc098b5fa3e61a42002f469c10ae8a291eaec43e3,0,0,0,0,0,0,0,0,0,0,0
0xb85ea5ba30b40e682d9032f46f554fce91a65e0a,0,0,0,0,0,0,0,0,0,0,0
0xf724859413a09a24e1d13cec4feb9376b2e8ffc4,0,0,0,0,0,0,0,0,0,0,0
0x92b034600a29eafc56b0efcaf4d63f92d2ab570e,0,0,0,0,0,0,0,0,0,0,0
0x5bbfdb11abe1109c5c239088e62388cfc305e522,0,0,0,0,0,0,0,0,0,0,0
0x06cf1e28f54cb01a1f0781801e5bab15ff5122b3,0,0,0,0,0,0,0,0,0,0,0
0x7a525d47a271815308218bb1b1a41af387323492,0,0,0,0,0,0,0,0,0,0,0
0x1245fc6726d2761b9d8e0e4c12b5c24efa0930c3,0,0,0,0,0,0,0,0,0,0,0
0xafaaf8158bce1d05bc9004183fdff874aac4402b,0,0,0,0,0,0,0,0,0,0,0
0x1fabc01bc056b8383323468aa32758dd8e4890f2,0,0,0,0,0,0,0,0,0,0,0
0x823e88d5506a0aa22a04e91fba8b6e40878b21b2,0,0,0,0,0,0,0,0,0,0,0
0xdf1352f1f2a2516f4e3306c5516a658cd50ad5c3,0,0,0,0,0,0,0,0,0,0,0
0x81d8929d2821e900033b58b4b4bace7d7adcba5b,0,0,0,0,0,0,0,0,0,0,0
0x3d18e8b76ebfb041c9d94bddbb6b6f647f99cdad,0,0,0,0,0,0,0,0,0,0,0
0xb1b02c8fec73c684334c71f7dc6c67032e38954c,0,0,0,0,0,0,0,0,0,0,0
0x19ae35aab9b96dcf824ae5b30b75ee97c15ef044,0,0,0,0,0,0,0,0,0,0,0
0xa6a629a263c1b3ac1effd1fb582e224c50e0c278,0,0,0,0,0,0,0,0,0,0,0
0x8a501cf81ecf0bf8e2ac8794c84a6cec05da8299,0,0,0,0,0,0,0,0,0,0,0
0xee6ed4f14fdb1c92b8b93c9423aefd2a7b7bcf46,0,0,0,0,0,0,0,0,0,0,0
0xb63909bb7b7d691a6302a7aac6da9a1f2fd36efd,0,0,0,0,0,0,0,0,0,0,0
0x5376ffa8fbe804f3d9292bc6b319b0e59ce42311,0,0,0,0,0,0,0,0,0,0,0
0x7c5a59bc1c62599778b1554d7d3ff6385e42567e,0,0,0,0,0,0,0,0,0,0,0
0x91dad908a9cd0c07d46b84a0322890bafa4c5d9a,0,0,0,0,0,0,0,0,0,0,0
0xca4599ae99cc0e11ecb2085a9b9458e56a555866,0,0,0,0,0,0,0,0,0,0,0
0xcfab1baf26e44ac39a55444a00fc8da2ce87d8a5,0,0,0,0,0,0,0,0,0,0,0
0x18a84055f3f68c0fbc33cab65a4dbb42b715ba08,0,0,0,0,0,0,0,0,0,0,0
0x4bab6e87729036913ebc3527d56138db54d6c1d9,0,0,0,0,0,0,0,0,0,0,0
0x0bd6d35ed4bdad4bb90c7c8f6a092fc44e3f7c1a,0,0,0,0,0,0,0,0,0,0,0
0x75d84dcb49022917dba07fca7ebe335667231a75,0,0,0,0,0,0,0,0,0,0,0
0xa6c70551f6d267881b1049c4a7674d4f078e38b5,0,0,0,0,0,0,0,0,0,0,0
0x16d4f2a4261d9f877fd6fdfbb226994c1c811337,0,0,0,0,0,0,0,0,0,0,0
0x86fbf03ccf0fe152b2abe2b43ba82662c59ac1b4,0,0,0,0,0,0,0,0,0,0,0
0xdb86dc2a2c009c71a08c27433c793c51ff46c6f2,0,0,0,0,0,0,0,0,0,0,0
0x43d4888856ee5ba877a968975eaebf41793ba8ba,0,0,0,0,0,0,0,0,0,0,0
0xda66a87d80501083b02cfafe235eece6f3df9c67,0,0,0,0,0,0,0,0,0,0,0
0x7fbebfa30eb4fb6959dfab220ca089fae244107f,0,0,0,0,0,0,0,0,0,0,0
0x2c2e19c42eea78fe339f47fa35d4e7adea814103,0,0,0,0,0,0,0,0,0,0,0
0x7fa7ae2a06255b5a5c4851ed43841e69a386b889,0,0,0,0,0,0,0,0,0,0,0
0x6c58ac774f31abe010437681c5365fd8d6a43adc,0,0,0,0,0,0,0,0,0,0,0
0x1e2db025668b137ab9da7ade53874a1969a773fb,0,0,0,0,0,0,0,0,0,0,0
0x6f45019d51f64348f545f2b399ce0114766e99c2,0,0,0,0,0,0,0,0,0,0,0
0xa6186aa1405afca4d9e8b2b8d75470f725377b5f,0,0,0,0,0,0,0,0,0,0,0
0x21043cb2c5666eb9db370931fd017c729f4aeffb,0,0,0,0,0,0,0,0,0,0,0
0x2f9f119244800d1a6832e36a4ba8e6d77a4c23ba,0,0,0,0,0,0,0,0,0,0,0
0xe81c4c30b2e2112959077fc8650f621bc6aa0c9e,0,0,0,0,0,0,0,0,0,0,0
0x526da6af0c227885b14bade8b43dff975b94ad83,0,0,0,0,0,0,0,0,0,0,0
0x37fcf9dec446df1efd76d0ee09214ab394faf7e4,0,0,0,0,0,0,0,0,0,0,0
0xc5b63b9c8a924e4c25d9bf5b58b25bee3fc08ef6,0,0,0,0,0,0,0,0,0,0,0
0x265cc3246f9226432ea614d62e277dd6617721c8,0,0,0,0,0,0,0,0,0,0,0
0xcf2c03684a9a96d0740397932b816719aea6a543,0,0,0,0,0,0,0,0,0,0,0
0x84f9b07a59b9b243060a66c66e61924d9d94bde1,0,0,0,0,0,0,0,0,0,0,0
0x930e4dedb5579b53c5f578e6fd969eff3a8d87de,0,0,0,0,0,0,0,0,0,0,0
0xcdd6cffad8bb07303f426902de00f3ee597c5732,0,0,0,0,0,0,0,0,0,0,0
0xd9e6b6a41276e2e778d22be133101ae460363ab7,0,0,0,0,0,0,0,0,0,0,0
0xb98cbed21d46ade21a0e58514613f3cd71fa3ef6,0,0,0,0,0,0,0,0,0,0,0
0x435226d6b91ebe92c003240df5113fb7963c0b42,0,0,0,0,0,0,0,0,0,0,0
0xcdee7a73320940726a93c918353a3bea488ebf23,0,0,0,0,0,0,0,0,0,0,0
0xfc05b6626617603f0ee1db75e8152c00c970a637,0,0,0,0,0,0,0,0,0,0,0
0xa6fc426cf929ce599d5f55fd56c0d0b797360576,0,0,0,0,0,0,0,0,0,0,0
0xd3d73580e535b58911f26f8a12ecf93ca01f6501,0,0,0,0,0,0,0,0,0,0,0
0x0f566c9d4ad53764839c14c7cdc322cea1527ae3,0,0,0,0,0,0,0,0,0,0,0
0x941201ee4626633ddf22dba394a70c19c1cf2305,0,0,0,0,0,0,0,0,0,0,0
0x0ec01682a416ab17ece65da4467df1a42f2f83bf,0,0,0,0,0,0,0,0,0,0,0
0x25bc0403d5d74ce8a32fb4b3fef96a50543d7e18,0,0,0,0,0,0,0,0,0,0,0
0x67d636cc81a18dbf4003b5c963da06f3798b6b65,0,0,0,0,0,0,0,0,0,0,0
0xcb223de4adb8c78077624db7143bae4806a5ada8,0,0,0,0,0,0,0,0,0,0,0
0x1d56a5ed5cbeaa8885bb61c820b7f897da00531c,0,0,0,0,0,0,0,0,0,0,0
0x910157b3d01d614e4751e1089310e149ea039029,0,0,0,0,0,0,0,0,0,0,0
0xb5b5ac6f6064f0de452149e9c7bac376bf71f734,0,0,0,0,0,0,0,0,0,0,0
0xe6e62e4bb72261a1f7662506abdd914590088312,0,0,0,0,0,0,1,0,0,0,0
0xb7f7e16ed69d439f8895b1e7cc467e9022b28a86,0,0,0,0,0,0,0,0,0,0,0
0xefeae6c672e4213d52551cda76c6acff7189508f,0,0,0,0,0,0,0,0,0,0,0
0xe400843b6069a021052cf5c02d8c965e2d72da5b,0,0,0,0,0,0,0,0,0,0,0
0x451a24842e3b6886c3582b381a1a67a3af069ce5,0,0,0,0,0,0,0,0,0,0,0
0x39119a9046ab1c8163e8751af481b2bcd28a2bd2,0,0,0,0,0,0,0,0,0,0,0
0xad61cfc5356b6934aaa22ea0087d982288833e40,0,0,0,0,0,0,0,0,0,0,0
0x16874e6791ce985c0307fc6dfefc4b6a3a516f14,0,0,0,0,0,0,0,0,0,0,0
0xce733f148038c0a6ed2f659479dcaa4650d3916d,0,0,0,0,0,0,0,0,0,0,0
0xf2f148cb3d30abe20b2abe57648ebfa97dad915a,0,0,0,0,0,0,0,0,0,0,0
0x1eeb33f734caf7b8c823760825bae2fb3acd0994,0,0,0,0,0,0,0,0,0,0,0
0x9387193c85d78df2811454e18a8741b8a9834acb,0,0,0,0,0,0,0,0,0,0,0
0x7192b77612300ee0a865187b7ee831983e97107f,0,0,0,0,0,0,0,0,0,0,0
0x51d14b5feba1417474a8d7f02ca543e3c4590e8c,0,0,0,0,0,0,0,0,0,0,0
0xcb9d4727f7d2c7982c963376f974975229835158,0,0,0,0,0,0,0,0,0,0,0
0x72bed0bfe35ad16c84ba0882ff7a40c0251bb742,0,0,0,0,0,0,0,0,0,0,0
0x9a909da55cecfab1379a0f4e70328ed411450c35,0,0,0,0,0,0,0,0,0,0,0
0x803f3d199c6b5e87a695b1e156d36cc204903fcb,0,0,0,0,0,0,0,0,0,0,0
0xdd60cfad76b6f819482de6bcb6838ee8dc6d6d07,0,0,0,0,0,0,0,0,0,0,0
0x80cdd746f5251d4fbd3592818e537a6dcd311d97,0,0,0,0,0,0,0,0,0,0,0
0xf222b956b6d2ff898523cfce2ec55105aeca58ec,0,0,0,0,0,0,0,0,0,0,0
0xcf91d2dbf76c7d97d7c39f7b33998f62a6fbdb3c,0,0,0,0,0,0,0,0,0,0,0
0xeec20d5a8e8b986df6577c47fd2f69ccecd9a962,0,0,0,0,0,0,0,0,0,0,0
0x6658611480b4ec5ae48947db6d9e998aca40de9b,0,0,0,0,0,0,0,0,0,0,0
0xc5e0b91b673621ac17503b79ea89fc02af74ad78,0,0,0,0,0,0,0,0,0,0,0
0x2ac88828dc143d5775d3827b6d2f6450b2e0f477,0,0,0,0,0,0,0,0,0,0,0
0xf9bd4b6fede9efe4f129a1285edf17b691a2aa3a,0,0,0,0,0,0,0,0,0,0,0
0xa160f1b868f53b9f910e1c0a8ac0cccd1300d754,0,0,0,0,0,0,0,0,0,0,0
0x6682fd169351f843800cb098ed758aa146c276b8,0,0,0,0,0,0,0,0,0,0,0
0x3e1774f94884b9e5a5212ea3d77b78e39f96df59,0,0,0,0,0,0,0,0,0,0,0
0x715b4ebd3fedc72f0054f7d55dc594eac04fa7a1,0,0,0,0,0,0,0,0,0,0,0
0x77f1330a02324ebd7c63e721806fc582e505bdf4,0,0,0,0,0,0,0,0,0,0,0
0x20c5be49569763d22231686da8477505bd8cd74f,0,0,0,0,0,0,0,0,0,0,0
0x6a836bddaf968c342e0a86ca21e67b4464ef6a1c,0,0,0,0,0,0,0,0,0,0,0
0xe5fa62b6226c36a6ed9425bcb5e926359849b99d,0,0,0,0,0,0,0,0,0,0,0
0x278f11eeee212a796c750f03382ddb0970f7a631,1,1,1,0,0,0,0,0,0,0,0
0xa4400c4b4accbdf91171adf9bbeb9e1df6def0c1,0,0,0,0,0,0,0,0,0,0,0
0x757c598b9f5ebe8fb328d51467a59b56f8a4a64a,0,0,0,0,0,0,0,0,0,0,0
0x05cf1df11d92d99988c9b797e91d95e60bba1720,0,0,0,0,0,0,0,0,0,0,0
0x46eeac03b257be49eda93684c88b341c41f4dacf,0,0,0,0,0,0,0,0,0,0,0
0x9cb5b9139763d118660e377f955ab1a5336c43f4,0,0,0,0,0,0,0,0,0,0,0
0x233c34f84ec49d414278b16635a3800c5274505c,1,1,1,0,0,0,0,0,0,0,0
0x6292d8d642b9a9fe44fed095e5f000ab1e2f0261,0,0,0,0,0,0,0,0,0,0,0
0xed4b0a284979cfa956e1b350d0c4a04b3a83e477,0,0,0,0,0,0,0,0,0,0,0
0xa4b7aa62bac0973f261c35e70bdc72c5560129b0,0,0,0,0,0,0,0,0,0,0,0
0xb8684909202de3b9b781d6b42e303f2aa208be33,0,0,0,0,0,0,0,0,0,0,0
0x374080ea2b3d02446e7f475dd94160948d780d52,0,0,0,0,0,0,0,0,0,0,0
0x67873974337d602bba1be025e9ef089d9b47c17b,0,0,0,0,0,0,0,0,0,0,0
0x20604aca7be7767c0af0f693bbfef69ec3fec3af,0,0,0,0,0,0,0,0,0,0,0
0xc591a89694c6aaaf3b38d364e55dc9a7650f9b78,0,0,0,0,0,0,0,0,0,0,0
0xdbe8cbc863e6f1590d86afcb18e9abae49f1ce4d,0,0,0,0,0,0,0,0,0,0,0
0x7a60e79515206ad487096d96e004b30a98ff168a,0,0,0,0,0,0,0,0,0,0,0
0xcc22e9e3c7723239c0b56cfc9d4b28b98191b2e1,0,0,0,0,0,0,0,0,0,0,0
0x3769a5643011b63f2b620d4e5adda2fc3813be66,0,0,0,0,0,0,0,0,0,0,0
0x31edc1abd979ea5e6bd660b03ea6f74b5299360b,0,0,0,0,0,0,0,0,0,0,0
0xba6ef9476cb5380fce3efddc4dcbebf443a9563b,0,0,0,0,0,0,0,0,0,0,0
0xa2bb09ca8f08fdb467251077c52bd87fdfeaf68c,0,0,0,0,0,0,0,0,0,0,0
0xafd9701961170f5a83bf52233836d7e6ad3ee220,0,0,0,0,0,0,0,0,0,0,0
0x3392c4b753fe2f12c34a4e4c90e2023f79498c3b,0,0,0,0,0,0,0,0,0,0,0
0xb2c41a8d0337e19d856973cfe71b7b6f81ca4303,0,0,0,0,0,0,0,0,0,0,0
0xb609a3e95c42371d24c77eb2c7653a41fef618d5,0,0,0,0,0,0,0,0,0,0,0
0xaeb2746fe0e7a5b815cb246e06e3d165f1936808,0,0,0,0,0,0,0,0,0,0,0
0x2452bebf24353f1ac39b8252f40f8fd7e4be4be2,0,0,0,0,0,0,0,0,0,0,0
0x939e6a044fb28b6df7faf644f38361aa2b48414d,0,0,0,0,0,0,0,0,0,0,0
0x69635e9cbef7483197e9b83b649b90a0e333b667,0,0,0,0,0,0,0,0,0,0,0
0xe6bd108de4bb86f0c79fcf4c2b5ec911192460fe,0,0,0,0,0,0,0,0,0,0,0
0x4a8e62da5a7f9cb98c9070ccec5389ce94b7d438,0,0,0,0,0,0,0,0,0,0,0
0x1bddf0451968f75c0975621fb61352de1b3b5cb6,0,0,0,0,0,0,0,0,0,0,0
0xa2c5c6aae91b9ba53504eda53ec5a206b5fcf6ce,0,0,0,0,0,0,0,0,0,0,0
0x51eca446946c3982b86489d0de050e117d0f3550,0,0,0,0,0,0,0,0,0,0,0
0x2cc6694c8a43f53ac9af643b3145190565709411,0,0,0,0,0,0,0,0,0,0,0
0x8c57b3d0f9313afb3ede06dfb0c3addfcbc27765,0,0,0,0,0,0,0,0,0,0,0
0xb9e05f30e064ba1666b71e0fda623fcf03b710b2,0,0,0,0,0,0,0,0,0,0,0
0xb0f429a6127846200177319d67bd42f5501b3173,0,0,0,0,0,0,0,0,0,0,0
0x65cec58779cd1a83cfebf662b6218a056c31b677,0,0,0,0,0,0,0,0,0,0,0
0x6471a73e6824bca652ef30afa7bb162e4ec99f47,0,0,0,0,0,0,0,0,0,0,0
0x08d44cd82e8eefeba7ede94ea875ba64d8eb420d,0,0,0,0,0,0,0,0,0,0,0
0xe7f109496de315e075030982ab6fbb02e4318d78,0,0,0,0,0,0,0,0,0,0,0
0x976a6da3622b90c167df56d882473282bff835ff,0,0,0,0,0,0,0,0,0,0,0
0x7af661ca79e49687d68ad2bd4bd8b5c7627a37f1,0,0,0,0,0,0,0,0,0,0,0
0x6596806276a3762825f773ec87a7ea1c6b060393,0,0,0,0,0,0,0,0,0,0,0
0xbc2e42a84779d800a84c9fbac9fa190577776e8a,0,0,0,0,0,0,0,0,0,0,0
0x80c2a6346e509db612a84cc9c493782200b550ca,0,0,0,0,0,0,0,0,0,0,0
0x7e3bb4ffc3de74d7e6b48493d89fd14e869fec0c,0,0,0,0,0,0,0,0,0,0,0
0x6599b2cf2fa45bf7aca1d09bc01d879f9b5029d9,0,0,0,0,0,0,0,0,0,0,0
0x25f7a64bc6bdb0cf0f9f0ea594e9c446fc44629f,0,0,0,0,0,0,0,0,0,0,0
0xfb75b680fc1620293d7430c1383a8b476038b50d,0,0,0,0,0,0,0,0,0,0,0
0xe1676a312d03656bef5bed10e22392c84194c416,1,1,1,0,0,0,0,0,0,0,0
0x31c798ac8159568d44c7f0c8678bf6fdc4caf57c,0,0,0,0,0,0,0,0,0,0,0
0xeec21b8aebf9a7d3fc696895a3f88722db7b7fa1,0,0,0,0,0,0,0,0,0,0,0
0xee0fe8bfdd4d5c13e6e318b64d41f739da014973,0,0,0,0,0,0,0,0,0,0,0
0x822c3175b8331a4c6130307677408bb2b7f12b6d,0,0,0,0,0,0,0,0,0,0,0
0xff34bebb6b2dde7e3abc3cad14e2bb08eab62d53,0,0,0,0,0,0,0,0,0,0,0
0x7c7d72a4153a8c92b9c69b26d1f4e7df168ff3d6,0,0,0,0,0,0,0,0,0,0,0
0xb630b5592c197a8b60cc5d151bb6334087c5ed07,0,0,0,0,0,0,0,0,0,0,0
0x6e521cbf200ac95e6e8eddfdf29cdb9b543ceebd,0,0,0,0,0,0,0,0,0,0,0
0x9eac56737b30393c1cf9852cc99b1e399dde9da1,0,0,0,0,0,0,0,0,0,0,0
0x89c1862f99ab53dcef340ea9784e523fa6d2355d,0,0,0,0,0,0,0,0,0,0,0
0x2ced88d3dc99cf87f0cb4a43b6071f47c3f14b46,0,0,0,0,0,0,0,0,0,0,0
0x50059c9c38e0fe9efa498ce8b1ab76fb3aca9f6c,0,0,0,0,0,0,0,0,0,0,0
0xa7a6e2224b9ebff6a45b4e7eb996e13645e83a01,0,0,0,0,0,0,0,0,0,0,0
0x54c3c261253837425e3eb2090960874fc33e437b,0,0,0,0,0,0,0,0,0,0,0
0xa5c3dace9af11ac1c3cf0c6528edda25bbd5f392,0,0,0,0,0,0,0,0,0,0,0
0xf3788fdbafd10e00862c541be08dbab27cd01eff,0,0,0,0,0,0,0,0,0,0,0
0xb74f32060f9842ec9f391408b9219865a5501d3a,0,0,0,0,0,0,0,0,0,0,0
0x519b219eff4ce936c0725c15108c6cac1c5d89e0,0,0,0,0,0,0,0,0,0,0,0
0xc0ff8e7ec350a16bfe8fa09f49dec9f07281eca4,0,0,0,0,0,0,0,0,0,0,0
0x9168f6d9e960389bbdfd721ecbff84a23482bb27,0,0,0,0,0,0,0,0,0,0,0
0x487ae09e8773ee036f3b27afc56974db407cf711,0,0,0,0,0,0,0,0,0,0,0
0xdb14e2b1715446384459547dca3da473abe2079b,0,0,0,0,0,0,0,0,0,0,0
0xbcabbc84b6ac833b7284987d326695d596b9885a,0,0,0,0,0,0,0,0,0,0,0
0x41bdcd52b4a931f7c29be69e3ed2224fd33d0f38,0,0,0,0,0,0,0,0,0,0,0
0x0265af8f42513d58340bfcb443e184cb9673dd5b,0,0,0,0,0,0,0,0,0,0,0
0x5009b4aea75a2d8bed5dcc2d53700941a6e5209f,0,0,0,0,0,0,0,0,0,0,0
0x335e1cd1b9278c74f2a250f2d80e4e89a225b75e,0,0,0,0,0,0,0,0,0,0,0
0x70ebf47239efca43134c8b29621b560f31c999f6,0,0,0,0,0,0,0,0,0,0,0
0x64746cd2fb0278df94df9d0912eb5b8aec633850,0,0,0,0,0,0,0,0,0,0,0
0xf0277446d2fe916f3f78446a008b007a154d86b3,0,0,0,0,0,0,0,0,0,0,0
0xdd7be4b917fd84b3db41c912deff8444234d6fc1,0,0,0,0,0,0,0,0,0,0,0
0x61f10ef3524eb1aac8232e60accdb259f7d90377,0,0,0,0,0,0,0,0,0,0,0
0xc50c1884f170ead5e54cab45458784cf8abb01f5,0,0,0,0,0,0,0,0,0,0,0
0x25b03a4eaf9da8adcac6d4de79f2f82b75bc7515,0,0,0,0,0,0,0,0,0,0,0
0xfaa9312c80b762985a2270b8c98cbcc1e70ba86d,1,1,1,0,0,0,0,0,0,0,0
0x20f0aa8087c21fe745beadef8e111dc3d57af0a4,0,0,0,0,0,0,0,0,0,0,0
0xef53d5b8b8479ca82af3156cdc4d54085a4b43fb,0,0,0,0,0,0,0,0,0,0,0
0x65fd2d6f20c61c616444335bbbcc00d29127a38d,0,0,0,0,0,0,0,0,0,0,0
0x56ece5c540afd989b1158bc3aba88ab41f105272,0,0,0,0,0,0,0,0,0,0,0
0xdfd0d1535af31896bc1e39b712d288b183ae6381,0,0,0,0,0,0,0,0,0,0,0
0xae6f7991c034e417fb86b782f90ae9e94ecd6528,1,1,1,0,0,0,0,0,0,0,0
0x640fe1ca8e6d4edeabfa9c7394b1d2ee2afc84bd,0,0,0,0,0,0,0,0,0,0,0
0x13fceb0fcd22e290152b2b10ebd921ef79064f6d,0,0,0,0,0,0,0,0,0,0,0
0xe7372fad6f6d7bc7928fab4d8e8cbfebf5057886,0,0,0,0,0,0,0,0,0,0,0
0xac99c545a7922fa1978ba020cad7f73cad1ff8ed,0,0,0,0,0,0,0,0,0,0,0
0xb228658ee0aca3f5989173c562db1431810702b3,0,0,0,0,0,0,0,0,0,0,0
0xc96857e8b2586748f19ce7e6ab4f0fade34d247f,0,0,0,0,0,0,0,0,0,0,0
0x38c76d307521182891e90be38b826064e7f0fcb5,0,0,0,0,0,0,0,0,0,0,0
0x40b4efdc2a243837c2d740f0894835f63349cfb9,0,0,0,0,0,0,0,0,0,0,0
0xbd34e1c0e866478f00dfcf8db4d89aa9203be0dd,0,0,0,0,0,0,0,0,0,0,0
0xdba3ce3fd7bd05e75d8b2632af2630d04faaa2c0,0,0,0,0,0,0,0,0,0,0,0
0xfeb86f7f2b60a00435a7d9419f2c440ab47512ee,0,0,0,0,0,0,0,0,0,0,0
0xf2d7fc633c250c4b94e65dfe2be817d516c48650,0,0,0,0,0,0,0,0,0,0,0
0x7138ebb9378b7ede1d83413cec85a7e40646ac2e,0,0,0,0,0,0,0,0,0,0,0
0x77a0c5487f8373de9fa090e16ccd867436a311fc,0,0,0,0,0,0,0,0,0,0,0
0x2b8a428cccbb18d02611c33a99338606e072212b,0,0,0,0,0,0,0,0,0,0,0
0xdd11d5db35f52110d6c6a03778e2f822b1f79a0e,0,0,0,0,0,0,0,0,0,0,0
0x0ba26ac1e09ddb670f41354da36d20c37d17dcae,0,0,0,0,0,0,0,0,0,0,0
0x211d67957fd6502e8b5e383753b33aba4908b095,0,0,0,0,0,0,0,0,0,0,0
0xd5bda68bfb2211b093b43b0fe8524ebee597538f,0,0,0,0,0,0,0,0,0,0,0
0xc380adc6dae4cf7af8d09f953e9f190dcef583aa,1,1,1,0,0,0,0,0,0,0,0
0x0a90265aff98ca7146f42422f2ef46545867ba27,0,0,0,0,0,0,0,0,0,0,0
0x0f2163815f0701a361df5e97ddbcf48f744e17da,0,0,0,0,0,0,0,0,0,0,0
0x78943ca8beffee6f7202df57e3712666db48aeb9,0,0,0,0,0,0,0,0,0,0,0
0xe85cfdd85d8d2adb0a2256b7d95bc8c10f8e1294,0,0,0,0,0,0,0,0,0,0,0
0x7e0c4cafabf29774e97c5f1ffbe50f59d60518df,0,0,0,0,0,0,0,0,0,0,0
0xbd91e33e8cca292120387ba5c47554667707d73e,0,0,0,0,0,0,0,0,0,0,0
0x79dbbf4852c86f388f139b15462d595e71951560,0,0,0,0,0,0,0,0,0,0,0
0x5f767b0e9072a796ab2be46f1e31aa9d1881dc5b,0,0,0,0,0,0,0,0,0,0,0
0x5c190f67c7121673b03a1881a857f3ad5b53c89c,0,0,0,0,0,0,0,0,0,0,0
0x7b76339eab89a39bb78dfe0db2abbf6a80e960e6,0,0,0,0,0,0,0,0,0,0,0
0x64fc3f0dd68326e44a611e6a0375420c61d17236,0,0,0,0,0,0,0,0,0,0,0
0xaf14797ccf963b1e3d028a9d51853ace16aedba1,0,0,0,0,0,0,0,0,0,0,0
0xe20c7f79daeabeb7a9d8ceffb73c4f857be7fc27,0,0,0,0,0,0,0,0,0,0,0
0x4e1ef85de6525c0231b4cc89c04b66534db8a5fd,0,0,0,0,0,0,0,0,0,0,0
0x000000000bab266ad31aa016875ff5e268724cd2,0,0,0,0,0,0,0,0,0,0,0
0x10a27f4c604516b3414552fab752607f850fa6ef,0,0,0,0,0,0,0,0,0,0,0
0x8db6d5ee9e585b8177e7ad37f5cc07a5bd41c054,0,0,0,0,0,0,0,0,0,0,0
0x31318f8ea002d63ef207c4dfbb0bde88588f5876,0,0,0,0,0,0,0,0,0,0,0
0xd5f1d7d7ac1553af3d39187557aa9f32f35cd251,0,0,0,0,0,0,0,0,0,0,0
0x87c4dab5067d79ac322a8570f7d31d1cf96c993c,0,0,0,0,0,0,0,0,0,0,0
0x8fc0b99c5b6ac71f13f36c9d4ac219fafdfab48e,0,0,0,0,0,0,0,0,0,0,0
0xd1d01b31c09c65c4edef847469a0d304caeae1f8,1,1,1,0,0,0,0,0,0,0,0
0x0eef77a74addeb2ed8ca0f35bdc27eacf5c35ea4,0,0,0,0,0,0,0,0,0,0,0
0x89705c7708c6c2ecfc538c19fa0ac64adc00fc15,0,0,0,0,0,0,0,0,0,0,0
0xcad0a207c41399d0c8d4d57101985f47fa9e5903,0,0,0,0,0,0,0,0,0,0,0
0xf055cfec2002f09025dab19eb09c55c52d302eee,0,0,0,0,0,0,0,0,0,0,0
0x318eb87d66dade7acbca441a7b1caaeac7a1cc06,0,0,0,0,0,0,0,0,0,0,0
0xb08ab30d71b48181905c9a192dd205c07f9866fe,0,0,0,0,0,0,0,0,0,0,0
0x152b1695dd1048e239e963fd4665a97a2eb722d6,0,0,0,0,0,0,0,0,0,0,0
0xea91aa919d6b0784b19582c8183bf07249cce47e,0,0,0,0,0,0,0,0,0,0,0
0xad07b143cafd42997ab406e6c6e8eb5c97dd72d4,0,0,0,0,0,0,0,0,0,0,0
0xb766ba02f707512e2c58d56c5b5bbaadfdb89aee,0,0,0,0,0,0,0,0,0,0,0
0xd7746fa81635ccb9892b25054163dc706579f6f3,0,0,0,0,0,0,0,0,0,0,0
0xc47c780732fdb98f97a0acb8f50ff67ee4e24b95,0,0,0,0,0,0,0,0,0,0,0
0xbd89334994623546dc3c7006741ef5090ba68d77,0,0,0,0,0,0,0,0,0,0,0
0x623cf57e14b12a3fd45df829de46a23b5ce9e3dd,0,0,0,0,0,0,0,0,0,0,0
0x92b55c3f372f7fc871f4b4d99c499e96c925ae79,0,0,0,0,0,0,0,0,0,0,0
0xa26b94be5716d53c6ba5b9aa2bcd630b94fa93aa,0,0,0,0,0,0,0,0,0,0,0
0x03b3de2b874ec661d2f9a76296b69e1fc52f0d28,0,0,0,0,0,0,0,0,0,0,0
0x703185fae0fe6bbca6230544706f0458e3aefc43,0,0,0,0,0,0,0,0,0,0,0
0xbd3eec100019f62d99ea17623193e727175ec0b3,0,0,0,0,0,0,0,0,0,0,0
0x34198a37d5827f80b7fb2db29e5736ecfadbfbc9,0,0,0,0,0,0,0,0,0,0,0
0x7e17763c1e8fd251a429eae99a00e0cd6dcbd5a1,0,0,0,0,0,0,0,0,0,0,0
0xced9adb484bae919b982ab6326380c9c6241fe15,0,0,0,0,0,0,0,0,0,0,0
0x07bd743c3066d84fc6bd607a54ffef1f1064715d,0,0,0,0,0,0,0,0,0,0,0
0xb6f06736a4cd2152d07b50a8169a62c3603876bb,0,0,0,0,0,0,0,0,0,0,0
0x09ec36b6cf27285205b8f6617d59e0e9705d865a,0,0,0,0,0,0,0,0,0,0,0
0xb4eabaac660129a13902963d0a6f87829270aac9,0,0,0,0,0,0,0,0,0,0,0
0x5ed8551f90acc6395810d8274b019bf13ef1f696,0,0,0,0,0,0,0,0,0,0,0
0x76370d2c9a71f046c1e0c83e73f6020796e463af,0,0,0,0,0,0,0,0,0,0,0
0x57228158cba08c61710ab2644e583c328ec86ea7,0,0,0,0,0,0,0,0,0,0,0
0x4d753bf7e0cc0353cf238b41231924c4fe1ea5f5,0,0,0,0,0,0,0,0,0,0,0
0xff9090c6ace56a860fe6d0e35435a3cfcf30b330,1,1,1,0,0,0,0,0,0,0,0
0xf1a276f69149780ceb254ab9130582273fc90f93,0,0,0,0,0,0,0,0,0,0,0
0x6b7774cb12ed7573a7586e7d0e62a2a563ddd3f0,0,0,0,0,0,0,0,0,0,0,0
0xa503ae746877b587fc6056eddcbc9a56891979dc,0,0,0,0,0,0,0,0,0,0,0
0x5b76926bcb1b42a7b78b685fb2068bd47c79e466,0,0,0,0,0,0,0,0,0,0,0
0xf76d0ec34438c63f99c8be4a32fec0bf257c8a41,0,0,0,0,0,0,0,0,0,0,0
0x1e183ca0f900dce6a76be2a29c92507bd6d3a811,0,0,0,0,0,0,0,0,0,0,0
0xe94ca2d70d1d8b8abf6e244119598bfc9536eca1,0,0,0,0,0,0,0,0,0,0,0
0x52a53bcc9e78843c6b8ff470db29dd8f6cf2116e,0,0,0,0,0,0,0,0,0,0,0
0xcb43fb65b1700ba710d37e8a310299a962c6a0c8,0,0,0,0,0,0,0,0,0,0,0
0x57d539ad75e1ae12ece5a405d898916a6fb68faa,0,0,0,0,0,0,0,0,0,0,0
0xa12d21ddb4ba660ace45a46b3c405eca85327d31,0,0,0,0,0,0,0,0,0,0,0
0x296d84dd7fd802f92e780916d1d8c39b5543cd37,0,0,0,0,0,0,0,0,0,0,0
0x7e9a8e92e863f43f08341b61346b98ce5fa03476,0,0,0,0,0,0,0,0,0,0,0
0x6a81b311931f6b06e6b0ddc5a42061fe634e432c,0,0,0,0,0,0,0,0,0,0,0
0x0e50cd8804228bfad09debc0c2bad35f4527b019,0,0,0,0,0,0,0,0,0,0,0
0x98f65db2de538248c8854498b177bb3cf9752ecc,0,0,0,0,0,0,0,0,0,0,0
0x8d9ce7dc34b68d7fe1617438385482a52f595aaf,0,0,0,0,0,0,0,0,0,0,0
0xed7f23f091cd1ba275af26c5cbfc35cf9f2c7c65,0,0,0,0,0,0,0,0,0,0,0
0xa86b4dd76a97f3c72745befc4b184440eaa51b2e,0,0,0,0,0,0,0,0,0,0,0
0xf8c3386094f99b3ce91e38714a84f1867e31ef54,0,0,0,0,0,0,0,0,0,0,0
0xe09c56ec1654501135fe771923df326f4aa9c485,0,0,0,0,0,0,0,0,0,0,0
0xab03bf3ad835db545f2d3b9897a7b7167eaa3474,0,0,0,0,0,0,0,0,0,0,0
0x75bc3055a41ec2e7549243bcfd33d2333ebbee6b,0,0,0,0,0,0,0,0,0,0,0
0x761e509ba47dc8522a6be13f1efaf59538886f3f,0,0,0,0,0,0,0,0,0,0,0
0x82f6e117b2674c74c4eeb5349026b6f06bccb870,0,0,0,0,0,0,0,0,0,0,0
0xe167b4c3ba4af235ba5b563790644ec2c3c645e1,0,0,0,0,0,0,0,0,0,0,0
0xf874ce4a48198952d72410fc8856a209a3ec35a0,0,0,0,0,0,0,0,0,0,0,0
0xa8c2d5698334dcdcbbb04f25c5bc8d8301a9a660,0,0,0,0,0,0,0,0,0,0,0
0x54ef479112cdb204ca7f333faa72e78645e5543e,0,0,0,0,0,0,0,0,0,0,0
0x055ec7ffe8eabb0330d173e5020a00676b02e954,0,0,0,0,0,0,0,0,0,0,0
0xb047b3ff9233804d41ce611292a669f2950c957d,0,0,0,0,0,0,0,0,0,0,0
0x621247faf440101d820fab4ec7e916f3b0a45700,0,0,0,0,0,0,0,0,0,0,0
0xcb9db8cfa1ee6c3b492b08ca1c418cf065dda331,0,0,0,0,0,0,0,0,0,0,0
0x3d3b7613b150248b32e9b541e712a8fa39b1a27a,0,0,0,0,0,0,0,0,0,0,0
0xb7514cb77eeb413d8004b1f3696bd146c0142170,0,0,0,0,0,0,0,0,0,0,0
0x6f13ce610b507bec58a0ad8c7e27f741c8721e99,0,0,0,0,0,0,0,0,0,0,0
0xdefea1e23ee505365aeb05a917a4fdcd89c844b1,0,0,0,0,0,0,0,0,0,0,0
0x8ad363ccda36154c19c7473f4ce114857fd5948c,0,0,0,0,0,0,0,0,0,0,0
0x339a59072ef7634921140d81ad021ac5d33cf330,0,0,0,0,0,0,0,0,0,0,0
0xc8ab2bca1dd2f4389ac2ae4e91eb6fc28b6b5ca4,0,0,0,0,0,0,0,0,0,0,0
0x9692d941e63c6dd9b7e03ac64e78fa11d396d9ec,0,0,0,0,0,0,0,0,0,0,0
0xd4bb41734c68a383fc7cfcf03270a53004cd5de9,0,0,0,0,0,0,0,0,0,0,0
0xfe50401ae7d457ec4750b99aebf37026e2c0afa8,0,0,0,0,0,0,0,0,0,0,0
0xfd7ebd618df4cffb5b790c713d5d892381c661d3,0,0,0,0,0,0,0,0,0,0,0
0xffe3b4d98afbe052aeb35a3da7f299b8e503c7ef,0,0,0,0,0,0,0,0,0,0,0
0xc7fd1b53dd211e3b228c03169571df5fe286d22a,0,0,0,0,0,0,0,0,0,0,0
0x72d63f0f5c40dc52d0f241997fd7ffef8d42a2b5,0,0,0,0,0,0,0,0,0,0,0
0xbe2aa9ff18bcfac8b394ca9732fb58de0d60e4be,0,0,0,0,0,0,0,0,0,0,0
0x987fee65e2b742970d413c55a1c3bddb483bb73d,0,0,0,0,0,0,0,0,0,0,0
0xb57f93488b6de2d62b732016f396fb43e51e7881,0,0,0,0,0,0,0,0,0,0,0
0x31ef63580a6211272eb427e65a70aeba37d0b646,1,1,1,0,0,0,0,0,0,0,0
0xb715a753a6d05f8bebf92b44dbe059991710d266,0,0,0,0,0,0,0,0,0,0,0
0x4d7eab18c126da804f67fb25c77beeaa2cfa3cd3,0,0,0,0,0,0,0,0,0,0,0
0x403c7c1413a929a600870f070ca7a2e90b2d39e4,0,0,0,0,0,0,0,0,0,0,0
0xcab2278c315d69e7c3e14f8920c9730cdb5a2f05,0,0,0,0,0,0,0,0,0,0,0
0x7670f48dc7b30525c565059bb83401c0790c6191,0,0,0,0,0,0,0,0,0,0,0
0xe4dee715371253c81af8b0ef5f1613bbddb85b78,0,0,0,0,0,0,0,0,0,0,0
0x2b2ebd1dc7a9d9bd420a44f075856aa566c3f7d7,0,0,0,0,0,0,0,0,0,0,0
0xee52a5a2d108689d4573e62a2eec4712b9336bc1,0,0,0,0,0,0,0,0,0,0,0
0x190eb68d348df7252ae52a433932bba6d42809f1,0,0,0,0,0,0,0,0,0,0,0
0x2da5803d64a526a775c4b4b51c1c3db90847b811,0,0,0,0,0,0,0,0,0,0,0
0xc0d513af5b0ba9ecff41d3245367733ea0c91e2a,0,0,0,0,0,0,0,0,0,0,0
0xc9845e7334edaddb067b71e2169ab2443b27bf75,0,0,0,0,0,0,0,0,0,0,0
0xd8011905c900dc113c9c9d2b1fee2cea33662a8d,0,0,0,0,0,0,0,0,0,0,0
0xadb28f8177cd553c90258058fa24ea80fbf7d8a2,0,0,0,0,0,0,0,0,0,0,0
0xfddf7f16aa0a84d2daa0a12046a253523e436872,0,0,0,0,0,0,0,0,0,0,0
0x25c3dea5cbd5693fcfdd936bed01ef8417e5ba2a,0,0,0,0,0,0,0,0,0,0,0
0x08e8cb7f47d9656a565cfcdfea7ab9696b98bad7,0,0,0,0,0,0,0,0,0,0,0
0xcd414a5760c889b068010c2faa28422b5c0be8df,0,0,0,0,0,0,0,0,0,0,0
0x415ccd0e38b476bb587dd945e5a569f88d1c596e,0,0,0,0,0,0,0,0,0,0,0
0x5bd190f11917750cb2c494cf6a342b45b4414bc2,0,0,0,0,0,0,0,0,0,0,0
0xa39514c49609a98e74aeac9663d3f9ebb5a910ec,0,0,0,0,0,0,0,0,0,0,0
0x9a98e7d2ce40d27575b0c4d7e3bf94232b39def7,0,0,0,0,0,0,0,0,0,0,0
0x2f7990e0f198201c752fdefb832cefe9c48a2e49,0,0,0,0,0,0,0,0,0,0,0
0x9aab1d60a6bd0e28ff8808c89b962db97599348c,0,0,0,0,0,0,0,0,0,0,0
0x4bef3a6dbea1a8a07b4c806ab3d2ee527cd0701f,0,0,0,0,0,0,0,0,0,0,0
0x49642bad6819e265d777df803e8bc03500b2fc06,0,0,0,0,0,0,0,0,0,0,0
0x7cb04ca77eaf1012a8de716b506e76d7fb0a0acf,0,0,0,0,0,0,0,0,0,0,0
0x6629177bf1dbdf7749e03d516981277867a2f493,0,0,0,0,0,0,0,0,0,0,0
0x6c0742313426395da599c0fa53358fff38517827,0,0,0,0,0,0,0,0,0,0,0
0x52437d267e0f3f8a81cef3f294d42006156487d5,0,0,0,0,0,0,0,0,0,0,0
0x78b3a37ad0729c5bde710189b3eb1a7db5a27218,0,0,0,0,0,0,0,0,0,0,0
0x52b1f45e67ed441edf37a75885cb30eec6a6e465,0,0,0,0,0,0,0,0,0,0,0
0xcd0a7f194378e54668a000329aa95c2987035eaa,1,1,1,0,0,0,0,0,0,0,0
0xc23c519bbb65c2b4835c229299bc81b42242d70b,0,0,0,0,0,0,0,0,0,0,0
0x99e008aca0f334b304eda82ba739c604a95ff335,0,0,0,0,0,0,0,0,0,0,0
0x5b7b7bbcb4bb968379c7fde7ed9b4bb0da60401c,0,0,0,0,0,0,0,0,0,0,0
0x025ddbdb506401fa6dd6d7379594df6cd5d4837c,0,0,0,0,0,0,0,0,0,0,0
0x9663a4cf47174c02add34a60d9bac5252f59bf0c,0,0,0,0,0,0,0,0,0,0,0
0xf3d5f8b23d3361d08face1e9ed0d4a70ad654275,0,0,0,0,0,0,0,0,0,0,0
0xf009af0a5fe6d7825b7a4969d6e77ff7773210ed,0,0,0,0,0,0,0,0,0,0,0
0x1e23bdb7d037aa3a28ae5750f1f15c6d18a5cc48,0,0,0,0,0,0,0,0,0,0,0
0x57265e4aa869cba6a68167510e2b61aaf6251896,0,0,0,0,0,0,0,0,0,0,0
0x32009a38299569a0cee331c6b3d32eeba85a85cf,0,0,0,0,0,0,0,0,0,0,0
0x1615f24f32387878ccbaf455b4c4fb8e13dce8ce,0,0,0,0,0,0,0,0,0,0,0
0x603fe4b88d2bf59247fac064b44a79cfc7de14b1,0,0,0,0,0,0,0,0,0,0,0
0x5c3f5be3b7c6c1041243740125566df6d3ca0930,0,0,0,0,0,0,0,0,0,0,0
0x39fabbb43c20532addce22da4847cf32b51c8ea0,0,0,0,0,0,0,0,0,0,0,0
0x72c28eb344f299b4eef429bd9953a4c2ac49ebb2,1,1,1,0,0,0,0,0,0,0,0
0xef6c4fedc60f16a6863ad54f8976f225f8276985,0,0,0,0,0,0,0,0,0,0,0
0xb1c653370dec041a5f6b3fca47234ff7668a1e1d,0,0,0,0,0,0,0,0,0,0,0
0x190d96d02dae21259c26b192582537f4cef7a280,0,0,0,0,0,0,0,0,0,0,0
0xbb63203fa253b667f1d8d591954f5a14ba5613e2,0,0,0,0,0,0,0,0,0,0,0
0x769740b00919555aa71922daffc84ed59b7d71a6,0,0,0,0,0,0,0,0,0,0,0
0x688a0642dd65530fd5b01b5ff4619aafdcacdec3,0,0,0,0,0,0,0,0,0,0,0
0x6efe8fed4293fea90a084008c4b0e5ac1d60ebc7,0,0,0,0,0,0,0,0,0,0,0
0x73dfa1c1af85aaef65e3b9694c1003ab7af57696,0,0,0,0,0,0,0,0,0,0,0
0x72b293417c86d21493f9a7b487eac2145fc08286,0,0,0,0,0,0,0,0,0,0,0
0x5aaefad7e30e262aff4588f1996c4f921c6fcecf,0,0,0,0,0,0,0,0,0,0,0
0x6f4e47857020ce7610878f3ebe83a09a66a4d816,0,0,0,0,0,0,0,0,0,0,0
0x7e2ecfb3a11cf09b8970a893bd4a072a84c140a0,0,0,0,0,0,0,0,0,0,0,0
0xdda6ec4ae14d598e7baa1dcae49aedcd8aa66954,0,0,0,0,0,0,0,0,0,0,0
0xefd2e3e8a619cdc4b6d366a55fba5b557c6a2ebf,0,0,0,0,0,0,0,0,0,0,0
0x30ceb7a44e0c9d1877bca4f857b4d9028070fc59,0,0,0,0,0,0,0,0,0,0,0
0x7f5ebdf782f908b4a8bdcf7eed6e5654abe201a2,0,0,0,0,0,0,0,0,0,0,0
0x5a85e85f034438c369625056c31198d71fc6be6c,0,0,0,0,0,0,0,0,0,0,0
0xb139e2f39919412f8c681868639f1c6689f19d9b,0,0,0,0,0,0,0,0,0,0,0
0x4f14009c42ba1915b38728b986047257967bce31,0,0,0,0,0,0,0,0,0,0,0
0x89e8270054bf75f91367cd76f6570aed151c2a58,0,0,0,0,0,0,0,0,0,0,0
0x36ccd14e3c11119d1e10c62e569d3772759c0092,0,0,0,0,0,0,0,0,0,0,0
0x08ef888d5057504e3a93b29b8fd37d27b61239a2,0,0,0,0,0,0,0,0,0,0,0
0x4b47052498d469ac9521606a67d6f02afeb0985a,0,0,0,0,0,0,0,0,0,0,0
0xa409674ec64085b579203e5f21e078f7d6ab7dd7,0,0,0,0,0,0,0,0,0,0,0
0xfe6282014ba209b276fab855aedf16feb48fc811,0,0,0,0,0,0,0,0,0,0,0
0x584358236b7bcd791077843b8a7e5c8419b51c86,0,0,0,0,0,0,0,0,0,0,0
0x6a7ab8341fd0e4eec27693c41858d7e8819444fa,0,0,0,0,0,0,0,0,0,0,0
0x4ecf18b838e9af3451c3e0f6b45becbe95a9794d,0,0,0,0,0,0,0,0,0,0,0
0x1e78a36f4bff568e9bc79c31b81f2b4cb58dba35,0,0,0,0,0,0,0,0,0,0,0
0x1bd5c0024da18cfc32e56adc198c2ef8185e144b,0,0,0,0,0,0,0,0,0,0,0
0x5fe9c1dc216eb6f92e2a6f6c8f8138013ebc5755,0,0,0,0,0,0,0,0,0,0,0
0xe3ac936c428da7f4eaefac5941b495c10e6b0949,0,0,0,0,0,0,0,0,0,0,0
0x71815403f3cbad51287618e7d22a3e27e262991e,0,0,0,0,0,0,0,0,0,0,0
0x81cf5f80e6c9b9653155db40dc3176f3938f5d34,0,0,0,0,0,0,0,0,0,0,0
0x963bd57d9ed4a6c0360bd98b9f2f9011c325b346,0,0,0,0,0,0,0,0,0,0,0
0xa4777c8c6b1173e72b760b58d080e80183c97e6f,0,0,0,0,0,0,0,0,0,0,0
0x70c1f2a1bde6f51e7117f2080284cf88445b595a,0,0,0,0,0,0,0,0,0,0,0
0x3b4b0d8853db68f290757e8d5de2e5c7893ddab0,0,0,0,0,0,0,0,0,0,0,0
0xc95e031ea73a9a2005544497e7d756c901298f13,0,0,0,0,0,0,0,0,0,0,0
0xb77b08fbe6bd0dff6155dc36b33cbc75346d1dce,0,0,0,0,0,0,0,0,0,0,0
0x288a4e70eba5d4f92e28f8ccc561e9fc947304a1,0,0,0,0,0,0,0,0,0,0,0
0x82e5b6ad650fe2741bfca6a095d493cf97ead16b,0,0,0,0,0,0,0,0,0,0,0
0x44d32f5a6dd7740f7d2d3708b60fe8ad41dec5a2,0,0,0,0,0,0,0,0,0,0,0
0x202175c270e74544f57f1d33fa0dbb31c844af9e,0,0,0,0,0,0,0,0,0,0,0
0xbf8f87980cd8b477a5a6fbfbd50517b84c3da438,0,0,0,0,0,0,0,0,0,0,0
0xa1e405e3b0d723a4147d9265bc02670b611acd84,1,1,1,0,0,0,0,0,0,0,0
0xddf0ec6cced246de8c15237c75b232e964f8ab49,0,0,0,0,0,0,0,0,0,0,0
0xdade66c6bce4c01bf8d64314f33d19edc4ce767a,0,0,0,0,0,0,0,0,0,0,0
0x97a1ca841b4792068932d4224681f6f6fa22c549,0,0,0,0,0,0,0,0,0,0,0
0xb7761e79c3fcac6adc285ccc295840fede8de169,0,0,0,0,0,0,0,0,0,0,0
0x089d40eeb1160a021d813587845a33960cc3fe4d,0,0,0,0,0,0,0,0,0,0,0
0x395fc9a7b8b2371721aaceba07cf7ae23f55ba14,1,1,1,0,0,0,0,0,0,0,0
0x05431cd62f011cb44ec803fe4ac96fac651ca494,0,0,0,0,0,0,0,0,0,0,0
0xc2299f52488e83963e034c98e87940a828158b9b,0,0,0,0,0,0,0,0,0,0,0
0xc224cd7ab43c5150dfc60b153a433a43600107f2,0,0,0,0,0,0,0,0,0,0,0
0xb7e32f6899e665e407fc068cffed4267f955ede3,0,0,0,0,0,0,0,0,0,0,0
0x5b9828975e88c40fbb601b53107d96985bbd2701,0,0,0,0,0,0,0,0,0,0,0
0xd0923d2547cfc4b4907d8c7a3ee9f2b50fdd161b,0,0,0,0,0,0,0,0,0,0,0
0x4885ae8ec1eb44924fe311e132b52144208f9fb6,0,0,0,0,0,0,0,0,0,0,0
0x28261747a227106b94f901a5b7d0992eecfaa378,0,0,0,0,0,0,0,0,0,0,0
0xa708c4bb354c41b07e4dfbf870ca91ad044ee87d,0,0,0,0,0,0,0,0,0,0,0
0xaef3f87988698e49d0cb4b0a1b33f89c1ac3b8e4,0,0,0,0,0,0,0,0,0,0,0
0x4d5f77ad1610f267152a1c9ed8a413ce1217b939,0,0,0,0,0,0,0,0,0,0,0
0xb9dac5c3965e5c582fadde3b383622747b22e1ae,0,0,0,0,0,0,0,0,0,0,0
0x4c83a74e1076ced299d2d2d2b379b96a79fb630a,0,0,0,0,0,0,0,0,0,0,0
0xc0a303758a25cc49c8adf7dab5d9d0b5e626551e,2,2,2,0,0,0,0,0,0,0,0
0xbabb1ce8f0a97d52ae5c6136b7c267b47197f64a,0,0,0,0,0,0,0,0,0,0,0
0xe55212be627d85bfd87c3b3c28a937b0958b9e12,1,1,1,0,0,0,0,0,0,0,0
0x821c1cee6bb90c5ba388d369c1c8c76de15ae7bd,0,0,0,0,0,0,0,0,0,0,0
0x5fa3d063e29f31318db21df5f946db1d4362c450,0,0,0,0,0,0,0,0,0,0,0
0x0a65c215ce8abc782a4b763fffa10a41652ac42c,0,0,0,0,0,0,0,0,0,0,0
0x4db98d5fdcbc7c5416486afc7e83278d149bbfc6,0,0,0,0,0,0,0,0,0,0,0
0x79b997b6f3f53bdd8bd5967fcdb8b053f1a2eb99,0,0,0,0,0,0,0,0,0,0,0
0x9e42301bff1755bb3ca60fb9b07b91a022957f51,0,0,0,0,0,0,0,0,0,0,0
0x301a111d510702defb8498ba4a2d5c012bcc784c,0,0,0,0,0,0,0,0,0,0,0
0xdf0713503bca7a6f939b5c100de9c49aac5dd2e1,0,0,0,0,0,0,0,0,0,0,0
0x339cd25d439ddf18ccfbcaf60f4acce0d9d6170a,0,0,0,0,0,0,0,0,0,0,0
0x0d0b44b4252bb8e6b0cef07be944eef829bdd61a,0,0,0,0,0,0,0,0,0,0,0
0x2a75acdd3de2bcfab9d38ac60f4add978e9674eb,0,0,0,0,0,0,0,0,0,0,0
0x909d80adfd0da1be9600775d091659873da0728a,0,0,0,0,0,0,0,0,0,0,0
0x0b35234f93db05a3290658ccd5cf7e7d0e125f3d,0,0,0,0,0,0,0,0,0,0,0
0x1ce34ffdfda1ca60e7336002e2d9cb970f10412c,0,0,0,0,0,0,0,0,0,0,0
0xb3d8edaf090070d2691ebbf38c408f33b7c83a26,0,0,0,0,0,0,0,0,0,0,0
0x8d15b82a8b8e2f0fa7c2f4133ff8aff15be31679,0,0,0,0,0,0,0,0,0,0,0
0x4217190be11722ca85de3ae4749ede3f2b32e279,0,0,0,0,0,0,0,0,0,0,0
0x8a2ba598931d2fc71342575f741e0e4a740997cd,0,0,0,0,0,0,0,0,0,0,0
0x7b814cbf2b849b99bc5794a7bb90a27c505bc9bf,0,0,0,0,0,0,0,0,0,0,0
0x6cdf2c034672765c2a782b8df126691d90d1e092,0,0,0,0,0,0,0,0,0,0,0
0xc36171cb5cbcbc41b32b354ada2e1077eb47d56e,0,0,0,0,0,0,0,0,0,0,0
0x72fc4eb059a1d3ffa85fe897d9c4ce004a306c2a,0,0,0,0,0,0,0,0,0,0,0
0x418a980cabfc80311f9553a7418c8830a618b145,0,0,0,0,0,0,0,0,0,0,0
0x196066a9031305338f69c5432c927e81a1593feb,0,0,0,0,0,0,0,0,0,0,0
0x8a3b6fc562474a8ec778438705bc5aeaa0802835,0,0,0,0,0,0,0,0,0,0,0
0xec2bcf16d56ffa3c967b8a20dc7e116b6b867eeb,0,0,0,0,0,0,0,0,0,0,0
0x5cf2677ae9cdf5599420fc69661284d1b3a56160,0,0,0,0,0,0,0,0,0,0,0
0xe29bb981b6adfdb062da70516e92e45e288b213f,0,0,0,0,0,0,0,0,0,0,0
0x87550bd3557ddbb07555810201cef17784ce1e1b,2,2,2,0,0,0,0,0,0,0,0
0x50397eeba2fae71bf81ef1a1a8f71537fc2042cb,0,0,0,0,0,0,0,0,0,0,0
0x41c0650bf1bd4dc23d05dde7e3d2dfa9200c3547,0,0,0,0,0,0,0,0,0,0,0
0x952c2636fb718cc9d4773193e0bd88da2d43b69b,0,0,0,0,0,0,0,0,0,0,0
0x212514e0c3caffe485eafbd625775af5e792c16b,0,0,0,0,0,0,0,0,0,0,0
0xcf40e9e324698e61261331b6bef62203d9828529,0,0,0,0,0,0,0,0,0,0,0
0x075ee7f7d3e9d1ce6b3435c3b82990449ff424de,0,0,0,0,0,0,0,0,0,0,0
0x8e023e601d0aebd59532b9dc3319f6fceb5672a2,1,1,1,0,0,0,0,0,0,0,0
0xea3ebd0cc853dda25c65c13ca2ac1a8eb6b38f09,0,0,0,0,0,0,0,0,0,0,0
0x1cdb55614743652c0997ed0eabdabf48a0261d84,0,0,0,0,0,11126823912654726965801,11126823912654726965801,11126823912654726965801,11126823912654726965801,0,0
0xd73b4d093e3d8be30eb69c7ab0f1eed9f82aac01,0,0,0,0,0,0,0,0,0,0,0
0x6c6f63b3bd74141ec1cab80744d1a5ad0e2ebbe4,0,0,0,0,0,0,0,0,0,0,0
0xee34ced4608c238be371d8c519d56f8d7190a445,0,0,0,0,0,0,0,0,0,0,0
0x459a9bf47e964a45026e85e860af987e1ba61ccd,0,0,0,0,0,0,0,0,0,0,0
0xf17b03b741bb7162bd5236203b59197d216b7f3d,0,0,0,0,0,0,0,0,0,0,0
0x237c6bd2c383bfd1b91574bf79517471a3106c9a,0,0,0,0,0,0,0,0,0,0,0
0x8483a5f37bc5bc729291410e9de8353cb0a0abfa,0,0,0,0,0,0,0,0,0,0,0
0x062c84439496037567ab7881a322b40d87c35473,0,0,0,0,0,0,0,0,0,0,0
0xe126d54d589c8a8c16c2dc19ccdeec2544025590,0,0,0,0,0,0,0,0,0,0,0
0xe5a91126288c7339a7b5bc64c120f807db33fb11,0,0,0,0,0,0,0,0,0,0,0
0x387e67d30d3e72e264d506fa84192ecd25a92b76,0,0,0,0,0,0,0,0,0,0,0
0xef725268a2e71067251b547d73ae6df85fc73a6a,0,0,0,0,0,0,0,0,0,0,0
0xf39ff1e8781c0cc7c714b78d73630f6b9ddddd5f,0,0,0,0,0,0,0,0,0,0,0
0xcd4c4ac79098310d63537ecf519d36412077200c,0,0,0,0,0,0,0,0,0,0,0
0x09e0f94e493bfd4e34dd9a7cfacdcc54b08ae7fd,0,0,0,0,0,0,0,0,0,0,0
0x42e473b914e4ea9cb2e2813a5553759b0e719685,0,0,0,0,0,0,0,0,0,0,0
0xdba40e73582e646bc72ef1587fd5ebe3e23b49fc,0,0,0,0,0,0,0,0,0,0,0
0x9bbe223f4b6b4d9e42c92135b8a38d2e4935584a,0,0,0,0,0,0,0,0,0,0,0
0xf975c586e6d88b0d2747a14a7f1ee3b5996bad28,0,0,0,0,0,0,0,0,0,0,0
0x1d54ced211950bf56cd34e0087c2f0ed4cf7e239,1,1,1,0,0,0,0,0,0,0,0
0x65a79a7bbe0f78c016d2bfecf6c3e460934f7967,0,0,0,0,0,0,0,0,0,0,0
0x438bfc874a9a8feb65ef456c87466be8ddbd2b75,0,0,0,0,0,0,0,0,0,0,0
0xb8df6bfe51479e8030d0d865c1bd29f3a1a3692c,0,0,0,0,0,0,0,0,0,0,0
0xc0bdca1b4b013f49df1f81e3f69fd68ef5fee977,0,0,0,0,0,0,0,0,0,0,0
0xdb07ae48039c4e50776ae129af277a28e439b534,0,0,0,0,0,0,0,0,0,0,0
0x503a990f3b7c5bf70d52d2f5e2416ca6e9a76ba0,0,0,0,0,0,0,0,0,0,0,0
0x4362a29e330427d951f1aa58d7e3e86ac9e4b4e1,0,0,0,0,0,0,0,0,0,0,0
0xb23ae1362213d7bec4fb2e9c7e2ee4675241d55f,0,0,0,0,0,0,0,0,0,0,0
0x63a293f16d85d37402cc360f74cb7e61233d07ca,0,0,0,0,0,0,0,0,0,0,0
0x0aecdf855eefa332e32eeabb3b9e56432332a5d6,1,1,1,0,0,0,0,0,0,0,0
0x64cdd49084270b10ccd60bb3d0320bada0f63f87,0,0,0,0,0,0,0,0,0,0,0
0x1a795b47b01c5c459286284e0a8550aa7747a27e,0,0,0,0,0,0,0,0,0,0,0
0x1691565c9e5846b348bf21707521e492614df376,0,0,0,0,0,0,0,0,0,0,0
0xd62ec3ec2bcaec87eb4d3bbc2ccb235c8cb7a6a1,0,0,0,0,0,0,0,0,0,0,0
0xe0639774b5fca36418886a78e7f5b4cd9312c0ae,0,0,0,0,0,0,0,0,0,0,0
0x215c7a8f8e4d47d296ea243a518bd88a7bf9fc6b,0,0,0,0,0,0,0,0,0,0,0
0xe8b57d0648f0265488edcf700762c908179a55d4,1,1,1,0,0,0,0,0,0,0,0
0x4a50ac9043f28a7ecde3b480228b33c190949393,0,0,0,0,0,0,0,0,0,0,0
0x78b3367b0f547cd16bac453f788956afce92447b,0,0,0,0,0,0,0,0,0,0,0
0x7ad2511b7b7590a1d4d70b353d40831435ee9f50,0,0,0,0,0,0,0,0,0,0,0
0x6357e06acfd0ce12d2d93176fb4e9d4d2200d3f1,0,0,0,0,0,0,0,0,0,0,0
0xbee1f7e369b3271088ed58bf225df13cd96d32d5,0,0,0,0,0,0,0,0,0,0,0
0x22451d4562bf6292956279b50b3e39c84526a524,0,0,0,0,0,0,0,0,0,0,0
0x3b12df4cd499e02f990dcc111c223cf870ffe6f3,0,0,0,0,0,0,0,0,0,0,0
0x5173b134b1096ecb4efe9a979e17a158754883d1,0,0,0,0,0,0,0,0,0,0,0
0x11ecfe1260cfe3c4ae27e579dc014ff83482d9cd,0,0,0,0,0,0,0,0,0,0,0
0x8764eecb52002bd691c446ce52dddde9fec1963c,0,0,0,0,0,0,0,0,0,0,0
0x777039d677b300b3c0093300905caad37c47ae32,0,0,0,0,0,0,0,0,0,0,0
0x6058b5031a34d7f1135df1402eb2081d1cd68815,0,0,0,0,0,0,0,0,0,0,0
0x1f9d1677272523d366fa8f2e527aeb47030fe533,0,0,0,0,0,0,0,0,0,0,0
0x1b56a2017b15577a759969869f706584200ca67c,0,0,0,0,0,0,0,0,0,0,0
0xc5ade14f20c7bc549aae5117fd8caef68370e3cc,0,0,0,0,0,0,0,0,0,0,0
0xf46d36a35eca074dac347bab4f70d969e8cbce59,0,0,0,0,0,0,0,0,0,0,0
0xc6b854123e5dd2a8c6628a4c83a8b2e325af23b5,0,0,0,0,0,0,0,0,0,0,0
0xcfa8de3a35cb32f2deb5adf0d9b7f4ff48b8ba9c,0,0,0,0,0,0,0,0,0,0,0
0x1d95b0b6d3582feec7ef35d2ccf91564ded0cf7f,0,0,0,0,0,0,0,0,0,0,0
0xee83ae872f88554a00fc9fae7052823cb4c07f80,0,0,0,0,0,0,0,0,0,0,0
0x5ce260527422f575adcaeeead3480de76c9a4d27,0,0,0,0,0,0,0,0,0,0,0
0xaf7b7bcde3b527e5f9b00936d798cce7ab0e5e7c,0,0,0,0,0,0,0,0,0,0,0
0x7adbca1ab249d322ff435d8872f61dda4b645419,0,0,0,0,0,0,0,0,0,0,0
0xb3c355ec4a647eeee0a39af3f83916be7a215cbf,0,0,0,0,0,0,0,0,0,0,0
0xc96f4de58ad0d92c523623d19001b0f3b244156a,0,0,0,0,0,0,0,0,0,0,0
0xbe32c16d152a351b7157ee02dc5f052d46578bcd,0,0,0,0,0,0,0,0,0,0,0
0x2836f52bad120a8ce086ec49551c54b50a834336,0,0,0,0,0,0,0,0,0,0,0
0xc0334d9d0d981953f8afa19935caf952b8714736,0,0,0,0,0,0,0,0,0,0,0
0xd757a280569cea50a1a696dad8f9ba4f6aada8fe,0,0,0,0,0,0,0,0,0,0,0
0x7192d5d02c868edb4e95e6897c323a6e45c4d5b5,0,0,0,0,0,0,0,0,0,0,0
0x89d5fe24b8d7ec0ddf9b6d3a10f66b80cbaa54c5,0,0,0,0,0,0,0,0,0,0,0
0x5da68351bd082abda73e42ac981db51d9364fe69,0,0,0,0,0,0,0,0,0,0,0
0xe6939a51fbf803b65b15421f7afcde54f75264a3,0,0,0,0,0,0,0,0,0,0,0
0xd425bf33bc9c9001c889218ebd5194086ca52b44,0,0,0,0,0,0,0,0,0,0,0
0xb516ab8487e6b751cbfdfe2f196343ca270eadb7,0,0,0,0,0,0,0,0,0,0,0
0x6c7776262bb3b742c7dbb5eda59693c5442366d2,0,0,0,0,0,0,0,0,0,0,0
0x9e1b1db13feb454927adca2a97a09ca2423d2aab,0,0,0,0,0,0,0,0,0,0,0
0x59047700a48846437c5fd6dda228e05d096b5b5c,0,0,0,0,0,0,0,0,0,0,0
0xe1f7970b284090add780637471637f0dc1f008a6,0,0,0,0,0,0,0,0,0,0,0
0xe4f42830d001b00fee3a0364bf70f8d780fc54f5,0,0,0,0,0,0,0,0,0,0,0
0x1b0f1bbfae35403f3c3f39b620ff38cb54ddf0d1,1,1,1,0,0,0,0,0,0,0,0
0x5af9dba988ea85de6101093be6035e31a9d49aac,0,0,0,0,0,0,0,0,0,0,0
0xddb85718453662b16c66f816a2370222af9c72fb,0,0,0,0,0,0,0,0,0,0,0
0x964309fdc36c31e9e0ab70fa9cc1133bf6a0c71a,0,0,0,0,0,0,0,0,0,0,0
0x9495d5601b2bd2a0dc4c24012cc75ee20de14632,0,0,0,0,0,0,0,0,0,0,0
0xf4d46ae9a6953fa3bb5c7fb44f92ae1ad8b81d79,0,0,0,0,0,0,0,0,0,0,0
0xfef00866685695c2a1eccc1c8255e902afd4a1ef,0,0,0,0,0,0,0,0,0,0,0
0x6b5a003d0088964e5c72c122d6f8c935d22862cd,0,0,0,0,0,0,0,0,0,0,0
0xc4e7e70a3a41c655b1b634da13dd2689af821616,0,0,0,0,0,0,0,0,0,0,0
0x0108b47f65d2568fa7ffe44f8da670ffe593fe91,0,0,0,0,0,0,0,0,0,0,0
0x325ace1550ac5132c63906aef3c11659d42166dd,0,0,0,0,0,0,0,0,0,0,0
0x8c17aad912e6edf5df67cb15709482f372f2503c,0,0,0,0,0,0,0,0,0,0,0
0x9d9f00f94bab55c4a48f8217daa361ee3b22653f,0,0,0,0,0,0,0,0,0,0,0
0x3e1d28508df147674cea8c50ffe141e28d3de39c,0,0,0,0,0,0,0,0,0,0,0
0xafaf48c376d3d7136205e282deda73b6dc422e12,0,0,0,0,0,0,0,0,0,0,0
0x4210fd4fd4402a1fc4fa4f2cbd5a362653fa9ab3,0,0,0,0,0,0,0,0,0,0,0
0x274967db5f643150f24429f121e77067b13e981a,0,0,0,0,0,0,0,0,0,0,0
0xb6f9a216f27c433247e045963fe63a9d273d04dd,0,0,0,0,0,0,0,0,0,0,0
0x612abfe54269515f0cc63b4a12fee32d48889ff2,0,0,0,0,0,0,0,0,0,0,0
0x25dcaa5dbf6b69b058849f7ffea38e316bc9c1a4,0,0,0,0,0,0,0,0,0,0,0
0x2e96c3c47754e0e71b2bd94d1b118476d49b935c,0,0,0,0,0,0,0,0,0,0,0
0xaa7b02d9d1dff5860b375f1ac942e3d4881559f2,0,0,0,0,0,0,0,0,0,0,0
0xd2173a1daf7b0c0d49a4d1e67720d204966fefeb,0,0,0,0,0,0,0,0,0,0,0
0x76f5bfc1a3987c58c8e88ad7298c4a26be9b440c,0,0,0,0,0,0,0,0,0,0,0
0x650a36213419fc19892b375595960180e272e16b,0,0,0,0,0,0,0,0,0,0,0
0x5affda31b51353c9cf2c4e5ef98c1e4b97d9fab9,0,0,0,0,0,0,0,0,0,0,0
0xdbf4c95155f7c8dbd8a6d439616ef374fac11207,0,0,0,0,0,0,0,0,0,0,0
0x079cc53906b5f19aa6c3fe85ba7e4b365d0da30c,0,0,0,0,0,0,0,0,0,0,0
0x821f958cc05f28237ddbe715a0feb31923f71af7,0,0,0,0,0,0,0,0,0,0,0
0x523b026e94218222da2687e728a1df51f443d5c1,0,0,0,0,0,0,0,0,0,0,0
0xfc0cee60c6ed89c4253aa99d238f13f0b8fa7094,0,0,0,0,0,0,0,0,0,0,0
0x853086b3fb6106e9ccab7dc0485984ee4984b99c,0,0,0,0,0,0,0,0,0,0,0
0xb3fc23c0a9345c649a8f36b45b69eeaae9e99e06,0,0,0,0,0,0,0,0,0,0,0
0x09a671686100621fdc70a3a04eb3374097922793,0,0,0,0,0,0,0,0,0,0,0
0xdf67d976307886ec39573eb979b1af790aea6787,0,0,0,0,0,0,0,0,0,0,0
0x8abf582bc334407184066331f310e30f555b2bcb,0,0,0,0,0,0,0,0,0,0,0
0x9b2603e2a588e23c9d0d3f68b73abef54bb3bd4e,0,0,0,0,0,0,0,0,0,0,0
0x3cc6ad66fc510045e65eb517a069b6f2e53c1b29,0,0,0,0,0,0,0,0,0,0,0
0x5d13ecd7fc5af6118f949ea34815e27bfa8a4b5a,0,0,0,0,0,0,0,0,0,0,0
0xd8c685639d51a07e43563a31f87742d3fd2c3345,0,0,0,0,0,0,0,0,0,0,0
0xa9aa5692ec4f8c7fa329a554c2bccfe66b77b11d,0,0,0,0,0,0,0,0,0,0,0
0x168b18ab6bbfedbf19ddc4b75a8791a906700651,0,0,0,0,0,0,0,0,0,0,0
0x8914ae3b9da2c949efb986e46701f40b480b1fd0,0,0,0,0,0,0,0,0,0,0,0
0xef44f4b98a662210a2814cee0360bf55317b358e,0,0,0,0,0,0,0,0,0,0,0
0x8530ddd0508148c12595f3bce669918ebe3b1432,0,0,0,0,0,0,0,0,0,0,0
0x812608b653837a27ed5b34d3065f619d91f18813,0,0,0,0,0,0,0,0,0,0,0
0x9f874031820247197b4847b789cde210d8e5f994,0,0,0,0,0,0,0,0,0,0,0
0x94815f32ca93e5311853ca8dcf62b6418b2c2449,0,0,0,0,0,0,0,0,0,0,0
0x5c4a39bb3c694dd7335dadcf5208735829860b55,0,0,0,0,0,0,0,0,0,0,0
0x07ea019849cabe4745371d6753ddd8202d2383fc,0,0,0,0,0,0,0,0,0,0,0
0x08f5e08b95d2ebb5a4fd8ad7f55edc40ced3c288,0,0,0,0,0,0,0,0,0,0,0
0xbef5f87dc2c99cfb69ec74f78b830e6f3a4501f9,0,0,0,0,0,0,0,0,0,0,0